Scenario,State,Average Size,NumberCAFOs,OSTARA,MULTIFORM,NURESYS,CRYSTALACTOR,PROC,MAPHEX,% OSTARA installed,% MULTIFORM installed,% NURESYS installed,% CRYSTALACTOR installed,% PROC installed,% MAPHEX installed,Number profitable OSTARA,Number profitable MULTIFORM,Number profitable NURESYS,Number profitable CRYSTALACTOR,Number profitable PROC,Number profitable MAPHEX,Total profitable,% OSTARA Profitable,% MULTIFORM Profitable,% NURESYS Profitable,% CRYSTALACTOR Profitable,% PROC Profitable,% MAPHEX Profitable,% Profitable (total),Number recommended OSTARA,Number recommended MULTIFORM,Number recommended NURESYS,Number recommended CRYSTALACTOR,Number recommended PROC,Number recommended MAPHEX,Total recommended,% OSTARA Recommended,% MULTIFORM Recommended,% NURESYS Recommended,% CRYSTALACTOR Recommended,% PROC Recommended,% MAPHEX Recommended,% Recommended (total),REC,PCredits
Indiana_Merged_Results_Pcredits0_REC0_None,Indiana,1574.4117647058827,119,0.0,115.0,0.0,4.0,0.0,0.0,0.0,96.63865546218487,0.0,3.361344537815126,0.0,0.0,0.0,0.0,0.0,3.0,0.0,0.0,3.0,0.0,0.0,0.0,75.0,0.0,0.0,3.0,0.0,0.0,0.0,0.0,0.0,0.0,0.0,0.0,0.0,0.0,0.0,0.0,0.0,0.0,0.0,0.0
Indiana_Merged_Results_Pcredits0_REC120_Electricity,Indiana,1574.4117647058827,119,0.0,108.0,8.0,3.0,0.0,0.0,0.0,90.75630252100842,6.722689075630252,2.5210084033613445,0.0,0.0,0.0,0.0,0.0,3.0,0.0,0.0,3.0,0.0,0.0,0.0,100.0,0.0,0.0,3.0,0.0,0.0,0.0,0.0,0.0,0.0,0.0,0.0,0.0,0.0,0.0,0.0,0.0,0.0,120.0,0.0
Indiana_Merged_Results_Pcredits0_REC30_Electricity,Indiana,1574.4117647058827,119,0.0,108.0,7.0,4.0,0.0,0.0,0.0,90.75630252100842,5.882352941176469,3.361344537815126,0.0,0.0,0.0,0.0,0.0,0.0,0.0,0.0,0.0,0.0,0.0,0.0,0.0,0.0,0.0,0.0,0.0,0.0,0.0,0.0,0.0,0.0,0.0,0.0,0.0,0.0,0.0,0.0,0.0,0.0,30.0,0.0
Indiana_Merged_Results_Pcredits0_REC60_Electricity,Indiana,1574.4117647058827,119,0.0,108.0,7.0,4.0,0.0,0.0,0.0,90.75630252100842,5.882352941176469,3.361344537815126,0.0,0.0,0.0,0.0,0.0,0.0,0.0,0.0,0.0,0.0,0.0,0.0,0.0,0.0,0.0,0.0,0.0,0.0,0.0,0.0,0.0,0.0,0.0,0.0,0.0,0.0,0.0,0.0,0.0,0.0,60.0,0.0
Indiana_Merged_Results_Pcredits0_REC75_Electricity,Indiana,1574.4117647058827,119,0.0,108.0,7.0,4.0,0.0,0.0,0.0,90.75630252100842,5.882352941176469,3.361344537815126,0.0,0.0,0.0,0.0,0.0,1.0,0.0,0.0,1.0,0.0,0.0,0.0,25.0,0.0,0.0,1.0,0.0,0.0,0.0,0.0,0.0,0.0,0.0,0.0,0.0,0.0,0.0,0.0,0.0,0.0,75.0,0.0
Indiana_Merged_Results_Pcredits0_REC90_Electricity,Indiana,1574.4117647058827,119,0.0,108.0,7.0,4.0,0.0,0.0,0.0,90.75630252100842,5.882352941176469,3.361344537815126,0.0,0.0,0.0,0.0,0.0,3.0,0.0,0.0,3.0,0.0,0.0,0.0,75.0,0.0,0.0,3.0,0.0,0.0,0.0,0.0,0.0,0.0,0.0,0.0,0.0,0.0,0.0,0.0,0.0,0.0,90.0,0.0
Indiana_Merged_Results_Pcredits11_REC0_None,Indiana,1574.4117647058827,119,0.0,116.0,0.0,3.0,0.0,0.0,0.0,97.47899159663864,0.0,2.5210084033613445,0.0,0.0,0.0,41.0,0.0,3.0,0.0,0.0,44.0,0.0,35.3448275862069,0.0,100.0,0.0,0.0,37.0,0.0,0.0,0.0,0.0,0.0,0.0,0.0,0.0,0.0,0.0,0.0,0.0,0.0,0.0,0.0,11.0
Indiana_Merged_Results_Pcredits11_REC120_Electricity,Indiana,1574.4117647058827,119,0.0,108.0,7.0,4.0,0.0,0.0,0.0,90.75630252100842,5.882352941176469,3.361344537815126,0.0,0.0,0.0,10.0,7.0,4.0,0.0,0.0,21.0,0.0,9.25925925925926,100.0,100.0,0.0,0.0,18.0,0.0,0.0,0.0,0.0,0.0,0.0,0.0,0.0,0.0,0.0,0.0,0.0,0.0,0.0,120.0,11.0
Indiana_Merged_Results_Pcredits11_REC30_Electricity,Indiana,1574.4117647058827,119,0.0,108.0,7.0,4.0,0.0,0.0,0.0,90.75630252100842,5.882352941176469,3.361344537815126,0.0,0.0,0.0,0.0,7.0,4.0,0.0,0.0,11.0,0.0,0.0,100.0,100.0,0.0,0.0,9.0,0.0,0.0,0.0,0.0,0.0,0.0,0.0,0.0,0.0,0.0,0.0,0.0,0.0,0.0,30.0,11.0
Indiana_Merged_Results_Pcredits11_REC60_Electricity,Indiana,1574.4117647058827,119,0.0,108.0,5.0,6.0,0.0,0.0,0.0,90.75630252100842,4.201680672268908,5.042016806722689,0.0,0.0,0.0,0.0,5.0,6.0,0.0,0.0,11.0,0.0,0.0,100.0,100.0,0.0,0.0,9.0,0.0,0.0,0.0,0.0,0.0,0.0,0.0,0.0,0.0,0.0,0.0,0.0,0.0,0.0,60.0,11.0
Indiana_Merged_Results_Pcredits11_REC75_Electricity,Indiana,1574.4117647058827,119,0.0,108.0,6.0,5.0,0.0,0.0,0.0,90.75630252100842,5.042016806722689,4.201680672268908,0.0,0.0,0.0,0.0,6.0,5.0,0.0,0.0,11.0,0.0,0.0,100.0,100.0,0.0,0.0,9.0,0.0,0.0,0.0,0.0,0.0,0.0,0.0,0.0,0.0,0.0,0.0,0.0,0.0,0.0,75.0,11.0
Indiana_Merged_Results_Pcredits11_REC90_Electricity,Indiana,1574.4117647058827,119,0.0,108.0,7.0,4.0,0.0,0.0,0.0,90.75630252100842,5.882352941176469,3.361344537815126,0.0,0.0,0.0,2.0,7.0,4.0,0.0,0.0,13.0,0.0,1.851851851851852,100.0,100.0,0.0,0.0,11.0,0.0,0.0,0.0,0.0,0.0,0.0,0.0,0.0,0.0,0.0,0.0,0.0,0.0,0.0,90.0,11.0
Indiana_Merged_Results_Pcredits1_REC0_None,Indiana,1574.4117647058827,119,0.0,115.0,0.0,4.0,0.0,0.0,0.0,96.63865546218487,0.0,3.361344537815126,0.0,0.0,0.0,0.0,0.0,4.0,0.0,0.0,4.0,0.0,0.0,0.0,100.0,0.0,0.0,3.0,0.0,0.0,0.0,0.0,0.0,0.0,0.0,0.0,0.0,0.0,0.0,0.0,0.0,0.0,0.0,1.0
Indiana_Merged_Results_Pcredits1_REC120_Electricity,Indiana,1574.4117647058827,119,0.0,108.0,7.0,4.0,0.0,0.0,0.0,90.75630252100842,5.882352941176469,3.361344537815126,0.0,0.0,0.0,0.0,0.0,4.0,0.0,0.0,4.0,0.0,0.0,0.0,100.0,0.0,0.0,3.0,0.0,0.0,0.0,0.0,0.0,0.0,0.0,0.0,0.0,0.0,0.0,0.0,0.0,0.0,120.0,1.0
Indiana_Merged_Results_Pcredits1_REC30_Electricity,Indiana,1574.4117647058827,119,0.0,107.0,8.0,4.0,0.0,0.0,0.0,89.91596638655463,6.722689075630252,3.361344537815126,0.0,0.0,0.0,0.0,0.0,0.0,0.0,0.0,0.0,0.0,0.0,0.0,0.0,0.0,0.0,0.0,0.0,0.0,0.0,0.0,0.0,0.0,0.0,0.0,0.0,0.0,0.0,0.0,0.0,0.0,30.0,1.0
Indiana_Merged_Results_Pcredits1_REC60_Electricity,Indiana,1574.4117647058827,119,0.0,108.0,7.0,4.0,0.0,0.0,0.0,90.75630252100842,5.882352941176469,3.361344537815126,0.0,0.0,0.0,0.0,0.0,1.0,0.0,0.0,1.0,0.0,0.0,0.0,25.0,0.0,0.0,1.0,0.0,0.0,0.0,0.0,0.0,0.0,0.0,0.0,0.0,0.0,0.0,0.0,0.0,0.0,60.0,1.0
Indiana_Merged_Results_Pcredits1_REC75_Electricity,Indiana,1574.4117647058827,119,0.0,108.0,7.0,4.0,0.0,0.0,0.0,90.75630252100842,5.882352941176469,3.361344537815126,0.0,0.0,0.0,0.0,0.0,3.0,0.0,0.0,3.0,0.0,0.0,0.0,75.0,0.0,0.0,3.0,0.0,0.0,0.0,0.0,0.0,0.0,0.0,0.0,0.0,0.0,0.0,0.0,0.0,0.0,75.0,1.0
Indiana_Merged_Results_Pcredits1_REC90_Electricity,Indiana,1574.4117647058827,119,0.0,108.0,7.0,4.0,0.0,0.0,0.0,90.75630252100842,5.882352941176469,3.361344537815126,0.0,0.0,0.0,0.0,0.0,4.0,0.0,0.0,4.0,0.0,0.0,0.0,100.0,0.0,0.0,3.0,0.0,0.0,0.0,0.0,0.0,0.0,0.0,0.0,0.0,0.0,0.0,0.0,0.0,0.0,90.0,1.0
Indiana_Merged_Results_Pcredits22_REC0_None,Indiana,1574.4117647058827,119,0.0,115.0,0.0,4.0,0.0,0.0,0.0,96.63865546218487,0.0,3.361344537815126,0.0,0.0,0.0,93.0,0.0,4.0,0.0,0.0,97.0,0.0,80.8695652173913,0.0,100.0,0.0,0.0,82.0,0.0,1.0,0.0,4.0,0.0,0.0,5.0,0.0,0.8695652173913043,0.0,100.0,0.0,0.0,4.0,0.0,22.0
Indiana_Merged_Results_Pcredits22_REC120_Electricity,Indiana,1574.4117647058827,119,0.0,108.0,7.0,4.0,0.0,0.0,0.0,90.75630252100842,5.882352941176469,3.361344537815126,0.0,0.0,0.0,53.0,7.0,4.0,0.0,0.0,64.0,0.0,49.074074074074076,100.0,100.0,0.0,0.0,54.0,0.0,0.0,0.0,0.0,0.0,0.0,0.0,0.0,0.0,0.0,0.0,0.0,0.0,0.0,120.0,22.0
Indiana_Merged_Results_Pcredits22_REC30_Electricity,Indiana,1574.4117647058827,119,0.0,108.0,7.0,4.0,0.0,0.0,0.0,90.75630252100842,5.882352941176469,3.361344537815126,0.0,0.0,0.0,39.0,7.0,4.0,0.0,0.0,50.0,0.0,36.111111111111114,100.0,100.0,0.0,0.0,42.0,0.0,0.0,0.0,0.0,0.0,0.0,0.0,0.0,0.0,0.0,0.0,0.0,0.0,0.0,30.0,22.0
Indiana_Merged_Results_Pcredits22_REC60_Electricity,Indiana,1574.4117647058827,119,0.0,108.0,7.0,4.0,0.0,0.0,0.0,90.75630252100842,5.882352941176469,3.361344537815126,0.0,0.0,0.0,42.0,7.0,4.0,0.0,0.0,53.0,0.0,38.888888888888886,100.0,100.0,0.0,0.0,45.0,0.0,0.0,0.0,0.0,0.0,0.0,0.0,0.0,0.0,0.0,0.0,0.0,0.0,0.0,60.0,22.0
Indiana_Merged_Results_Pcredits22_REC75_Electricity,Indiana,1574.4117647058827,119,0.0,108.0,7.0,4.0,0.0,0.0,0.0,90.75630252100842,5.882352941176469,3.361344537815126,0.0,0.0,0.0,45.0,7.0,4.0,0.0,0.0,56.0,0.0,41.66666666666667,100.0,100.0,0.0,0.0,47.0,0.0,0.0,0.0,0.0,0.0,0.0,0.0,0.0,0.0,0.0,0.0,0.0,0.0,0.0,75.0,22.0
Indiana_Merged_Results_Pcredits22_REC90_Electricity,Indiana,1574.4117647058827,119,0.0,108.0,7.0,4.0,0.0,0.0,0.0,90.75630252100842,5.882352941176469,3.361344537815126,0.0,0.0,0.0,48.0,7.0,4.0,0.0,0.0,59.0,0.0,44.444444444444436,100.0,100.0,0.0,0.0,50.0,0.0,0.0,0.0,0.0,0.0,0.0,0.0,0.0,0.0,0.0,0.0,0.0,0.0,0.0,90.0,22.0
Indiana_Merged_Results_Pcredits3_REC0_None,Indiana,1574.4117647058827,119,0.0,115.0,0.0,4.0,0.0,0.0,0.0,96.63865546218487,0.0,3.361344537815126,0.0,0.0,0.0,0.0,0.0,4.0,0.0,0.0,4.0,0.0,0.0,0.0,100.0,0.0,0.0,3.0,0.0,0.0,0.0,0.0,0.0,0.0,0.0,0.0,0.0,0.0,0.0,0.0,0.0,0.0,0.0,3.0
Indiana_Merged_Results_Pcredits3_REC120_Electricity,Indiana,1574.4117647058827,119,0.0,107.0,9.0,3.0,0.0,0.0,0.0,89.91596638655463,7.563025210084032,2.5210084033613445,0.0,0.0,0.0,0.0,8.0,3.0,0.0,0.0,11.0,0.0,0.0,88.8888888888889,100.0,0.0,0.0,9.0,0.0,0.0,0.0,0.0,0.0,0.0,0.0,0.0,0.0,0.0,0.0,0.0,0.0,0.0,120.0,3.0
Indiana_Merged_Results_Pcredits3_REC30_Electricity,Indiana,1574.4117647058827,119,0.0,108.0,7.0,4.0,0.0,0.0,0.0,90.75630252100842,5.882352941176469,3.361344537815126,0.0,0.0,0.0,0.0,0.0,3.0,0.0,0.0,3.0,0.0,0.0,0.0,75.0,0.0,0.0,3.0,0.0,0.0,0.0,0.0,0.0,0.0,0.0,0.0,0.0,0.0,0.0,0.0,0.0,0.0,30.0,3.0
Indiana_Merged_Results_Pcredits3_REC60_Electricity,Indiana,1574.4117647058827,119,0.0,108.0,7.0,4.0,0.0,0.0,0.0,90.75630252100842,5.882352941176469,3.361344537815126,0.0,0.0,0.0,0.0,0.0,4.0,0.0,0.0,4.0,0.0,0.0,0.0,100.0,0.0,0.0,3.0,0.0,0.0,0.0,0.0,0.0,0.0,0.0,0.0,0.0,0.0,0.0,0.0,0.0,0.0,60.0,3.0
Indiana_Merged_Results_Pcredits3_REC75_Electricity,Indiana,1574.4117647058827,119,0.0,108.0,7.0,4.0,0.0,0.0,0.0,90.75630252100842,5.882352941176469,3.361344537815126,0.0,0.0,0.0,0.0,0.0,4.0,0.0,0.0,4.0,0.0,0.0,0.0,100.0,0.0,0.0,3.0,0.0,0.0,0.0,0.0,0.0,0.0,0.0,0.0,0.0,0.0,0.0,0.0,0.0,0.0,75.0,3.0
Indiana_Merged_Results_Pcredits3_REC90_Electricity,Indiana,1574.4117647058827,119,0.0,108.0,7.0,4.0,0.0,0.0,0.0,90.75630252100842,5.882352941176469,3.361344537815126,0.0,0.0,0.0,0.0,0.0,4.0,0.0,0.0,4.0,0.0,0.0,0.0,100.0,0.0,0.0,3.0,0.0,0.0,0.0,0.0,0.0,0.0,0.0,0.0,0.0,0.0,0.0,0.0,0.0,0.0,90.0,3.0
Indiana_Merged_Results_Pcredits5_REC0_None,Indiana,1574.4117647058827,119,0.0,115.0,0.0,4.0,0.0,0.0,0.0,96.63865546218487,0.0,3.361344537815126,0.0,0.0,0.0,0.0,0.0,4.0,0.0,0.0,4.0,0.0,0.0,0.0,100.0,0.0,0.0,3.0,0.0,0.0,0.0,0.0,0.0,0.0,0.0,0.0,0.0,0.0,0.0,0.0,0.0,0.0,0.0,5.0
Indiana_Merged_Results_Pcredits5_REC120_Electricity,Indiana,1574.4117647058827,119,0.0,107.0,8.0,4.0,0.0,0.0,0.0,89.91596638655463,6.722689075630252,3.361344537815126,0.0,0.0,0.0,0.0,7.0,4.0,0.0,0.0,11.0,0.0,0.0,87.5,100.0,0.0,0.0,9.0,0.0,0.0,0.0,0.0,0.0,0.0,0.0,0.0,0.0,0.0,0.0,0.0,0.0,0.0,120.0,5.0
Indiana_Merged_Results_Pcredits5_REC30_Electricity,Indiana,1574.4117647058827,119,0.0,108.0,6.0,5.0,0.0,0.0,0.0,90.75630252100842,5.042016806722689,4.201680672268908,0.0,0.0,0.0,0.0,0.0,5.0,0.0,0.0,5.0,0.0,0.0,0.0,100.0,0.0,0.0,4.0,0.0,0.0,0.0,0.0,0.0,0.0,0.0,0.0,0.0,0.0,0.0,0.0,0.0,0.0,30.0,5.0
Indiana_Merged_Results_Pcredits5_REC60_Electricity,Indiana,1574.4117647058827,119,0.0,108.0,8.0,3.0,0.0,0.0,0.0,90.75630252100842,6.722689075630252,2.5210084033613445,0.0,0.0,0.0,0.0,8.0,3.0,0.0,0.0,11.0,0.0,0.0,100.0,100.0,0.0,0.0,9.0,0.0,0.0,0.0,0.0,0.0,0.0,0.0,0.0,0.0,0.0,0.0,0.0,0.0,0.0,60.0,5.0
Indiana_Merged_Results_Pcredits5_REC75_Electricity,Indiana,1574.4117647058827,119,0.0,108.0,8.0,3.0,0.0,0.0,0.0,90.75630252100842,6.722689075630252,2.5210084033613445,0.0,0.0,0.0,0.0,8.0,3.0,0.0,0.0,11.0,0.0,0.0,100.0,100.0,0.0,0.0,9.0,0.0,0.0,0.0,0.0,0.0,0.0,0.0,0.0,0.0,0.0,0.0,0.0,0.0,0.0,75.0,5.0
Indiana_Merged_Results_Pcredits5_REC90_Electricity,Indiana,1574.4117647058827,119,0.0,108.0,7.0,4.0,0.0,0.0,0.0,90.75630252100842,5.882352941176469,3.361344537815126,0.0,0.0,0.0,0.0,7.0,4.0,0.0,0.0,11.0,0.0,0.0,100.0,100.0,0.0,0.0,9.0,0.0,0.0,0.0,0.0,0.0,0.0,0.0,0.0,0.0,0.0,0.0,0.0,0.0,0.0,90.0,5.0
Michigan_Merged_Results_Pcredits0_REC0_None,Michigan,2461.527777777778,144,0.0,126.0,17.0,1.0,0.0,0.0,0.0,87.5,11.805555555555555,0.6944444444444444,0.0,0.0,0.0,0.0,0.0,1.0,0.0,0.0,1.0,0.0,0.0,0.0,100.0,0.0,0.0,1.0,0.0,0.0,0.0,0.0,0.0,0.0,0.0,0.0,0.0,0.0,0.0,0.0,0.0,0.0,0.0,0.0
Michigan_Merged_Results_Pcredits0_REC120_Electricity,Michigan,2461.527777777778,144,0.0,113.0,30.0,1.0,0.0,0.0,0.0,78.4722222222222,20.833333333333336,0.6944444444444444,0.0,0.0,0.0,0.0,0.0,1.0,0.0,0.0,1.0,0.0,0.0,0.0,100.0,0.0,0.0,1.0,0.0,0.0,0.0,0.0,0.0,0.0,0.0,0.0,0.0,0.0,0.0,0.0,0.0,0.0,120.0,0.0
Michigan_Merged_Results_Pcredits0_REC30_Electricity,Michigan,2461.527777777778,144,0.0,113.0,29.0,2.0,0.0,0.0,0.0,78.4722222222222,20.13888888888889,1.3888888888888888,0.0,0.0,0.0,0.0,0.0,0.0,0.0,0.0,0.0,0.0,0.0,0.0,0.0,0.0,0.0,0.0,0.0,0.0,0.0,0.0,0.0,0.0,0.0,0.0,0.0,0.0,0.0,0.0,0.0,0.0,30.0,0.0
Michigan_Merged_Results_Pcredits0_REC60_Electricity,Michigan,2461.527777777778,144,0.0,113.0,28.0,3.0,0.0,0.0,0.0,78.4722222222222,19.44444444444445,2.083333333333333,0.0,0.0,0.0,0.0,0.0,0.0,0.0,0.0,0.0,0.0,0.0,0.0,0.0,0.0,0.0,0.0,0.0,0.0,0.0,0.0,0.0,0.0,0.0,0.0,0.0,0.0,0.0,0.0,0.0,0.0,60.0,0.0
Michigan_Merged_Results_Pcredits0_REC75_Electricity,Michigan,2461.527777777778,144,0.0,113.0,29.0,2.0,0.0,0.0,0.0,78.4722222222222,20.13888888888889,1.3888888888888888,0.0,0.0,0.0,0.0,0.0,0.0,0.0,0.0,0.0,0.0,0.0,0.0,0.0,0.0,0.0,0.0,0.0,0.0,0.0,0.0,0.0,0.0,0.0,0.0,0.0,0.0,0.0,0.0,0.0,0.0,75.0,0.0
Michigan_Merged_Results_Pcredits0_REC90_Electricity,Michigan,2461.527777777778,144,0.0,113.0,30.0,1.0,0.0,0.0,0.0,78.4722222222222,20.833333333333336,0.6944444444444444,0.0,0.0,0.0,0.0,0.0,0.0,0.0,0.0,0.0,0.0,0.0,0.0,0.0,0.0,0.0,0.0,0.0,0.0,0.0,0.0,0.0,0.0,0.0,0.0,0.0,0.0,0.0,0.0,0.0,0.0,90.0,0.0
Michigan_Merged_Results_Pcredits11_REC0_None,Michigan,2461.527777777778,144,0.0,126.0,17.0,1.0,0.0,0.0,0.0,87.5,11.805555555555555,0.6944444444444444,0.0,0.0,0.0,99.0,17.0,1.0,0.0,0.0,117.0,0.0,78.57142857142857,100.0,100.0,0.0,0.0,81.0,0.0,0.0,0.0,0.0,0.0,0.0,0.0,0.0,0.0,0.0,0.0,0.0,0.0,0.0,0.0,11.0
Michigan_Merged_Results_Pcredits11_REC120_Electricity,Michigan,2461.527777777778,144,0.0,113.0,30.0,1.0,0.0,0.0,0.0,78.4722222222222,20.833333333333336,0.6944444444444444,0.0,0.0,0.0,38.0,30.0,1.0,0.0,0.0,69.0,0.0,33.628318584070804,100.0,100.0,0.0,0.0,48.0,0.0,0.0,0.0,0.0,0.0,0.0,0.0,0.0,0.0,0.0,0.0,0.0,0.0,0.0,120.0,11.0
Michigan_Merged_Results_Pcredits11_REC30_Electricity,Michigan,2461.527777777778,144,0.0,113.0,29.0,2.0,0.0,0.0,0.0,78.4722222222222,20.13888888888889,1.3888888888888888,0.0,0.0,0.0,0.0,29.0,2.0,0.0,0.0,31.0,0.0,0.0,100.0,100.0,0.0,0.0,22.0,0.0,0.0,0.0,0.0,0.0,0.0,0.0,0.0,0.0,0.0,0.0,0.0,0.0,0.0,30.0,11.0
Michigan_Merged_Results_Pcredits11_REC60_Electricity,Michigan,2461.527777777778,144,0.0,113.0,30.0,1.0,0.0,0.0,0.0,78.4722222222222,20.833333333333336,0.6944444444444444,0.0,0.0,0.0,0.0,30.0,1.0,0.0,0.0,31.0,0.0,0.0,100.0,100.0,0.0,0.0,22.0,0.0,0.0,0.0,0.0,0.0,0.0,0.0,0.0,0.0,0.0,0.0,0.0,0.0,0.0,60.0,11.0
Michigan_Merged_Results_Pcredits11_REC75_Electricity,Michigan,2461.527777777778,144,0.0,113.0,29.0,2.0,0.0,0.0,0.0,78.4722222222222,20.13888888888889,1.3888888888888888,0.0,0.0,0.0,0.0,29.0,2.0,0.0,0.0,31.0,0.0,0.0,100.0,100.0,0.0,0.0,22.0,0.0,0.0,0.0,0.0,0.0,0.0,0.0,0.0,0.0,0.0,0.0,0.0,0.0,0.0,75.0,11.0
Michigan_Merged_Results_Pcredits11_REC90_Electricity,Michigan,2461.527777777778,144,0.0,113.0,30.0,1.0,0.0,0.0,0.0,78.4722222222222,20.833333333333336,0.6944444444444444,0.0,0.0,0.0,5.0,30.0,1.0,0.0,0.0,36.0,0.0,4.424778761061948,100.0,100.0,0.0,0.0,25.0,0.0,0.0,0.0,0.0,0.0,0.0,0.0,0.0,0.0,0.0,0.0,0.0,0.0,0.0,90.0,11.0
Michigan_Merged_Results_Pcredits1_REC0_None,Michigan,2461.527777777778,144,0.0,125.0,18.0,1.0,0.0,0.0,0.0,86.80555555555556,12.5,0.6944444444444444,0.0,0.0,0.0,0.0,0.0,1.0,0.0,0.0,1.0,0.0,0.0,0.0,100.0,0.0,0.0,1.0,0.0,0.0,0.0,0.0,0.0,0.0,0.0,0.0,0.0,0.0,0.0,0.0,0.0,0.0,0.0,1.0
Michigan_Merged_Results_Pcredits1_REC120_Electricity,Michigan,2461.527777777778,144,0.0,113.0,29.0,2.0,0.0,0.0,0.0,78.4722222222222,20.13888888888889,1.3888888888888888,0.0,0.0,0.0,0.0,0.0,2.0,0.0,0.0,2.0,0.0,0.0,0.0,100.0,0.0,0.0,1.0,0.0,0.0,0.0,0.0,0.0,0.0,0.0,0.0,0.0,0.0,0.0,0.0,0.0,0.0,120.0,1.0
Michigan_Merged_Results_Pcredits1_REC30_Electricity,Michigan,2461.527777777778,144,0.0,113.0,29.0,2.0,0.0,0.0,0.0,78.4722222222222,20.13888888888889,1.3888888888888888,0.0,0.0,0.0,0.0,0.0,0.0,0.0,0.0,0.0,0.0,0.0,0.0,0.0,0.0,0.0,0.0,0.0,0.0,0.0,0.0,0.0,0.0,0.0,0.0,0.0,0.0,0.0,0.0,0.0,0.0,30.0,1.0
Michigan_Merged_Results_Pcredits1_REC60_Electricity,Michigan,2461.527777777778,144,0.0,113.0,29.0,2.0,0.0,0.0,0.0,78.4722222222222,20.13888888888889,1.3888888888888888,0.0,0.0,0.0,0.0,0.0,0.0,0.0,0.0,0.0,0.0,0.0,0.0,0.0,0.0,0.0,0.0,0.0,0.0,0.0,0.0,0.0,0.0,0.0,0.0,0.0,0.0,0.0,0.0,0.0,0.0,60.0,1.0
Michigan_Merged_Results_Pcredits1_REC75_Electricity,Michigan,2461.527777777778,144,0.0,113.0,29.0,2.0,0.0,0.0,0.0,78.4722222222222,20.13888888888889,1.3888888888888888,0.0,0.0,0.0,0.0,0.0,1.0,0.0,0.0,1.0,0.0,0.0,0.0,50.0,0.0,0.0,1.0,0.0,0.0,0.0,0.0,0.0,0.0,0.0,0.0,0.0,0.0,0.0,0.0,0.0,0.0,75.0,1.0
Michigan_Merged_Results_Pcredits1_REC90_Electricity,Michigan,2461.527777777778,144,0.0,113.0,30.0,1.0,0.0,0.0,0.0,78.4722222222222,20.833333333333336,0.6944444444444444,0.0,0.0,0.0,0.0,0.0,1.0,0.0,0.0,1.0,0.0,0.0,0.0,100.0,0.0,0.0,1.0,0.0,0.0,0.0,0.0,0.0,0.0,0.0,0.0,0.0,0.0,0.0,0.0,0.0,0.0,90.0,1.0
Michigan_Merged_Results_Pcredits22_REC0_None,Michigan,2461.527777777778,144,0.0,128.0,15.0,1.0,0.0,0.0,0.0,88.8888888888889,10.416666666666668,0.6944444444444444,0.0,0.0,0.0,125.0,15.0,1.0,0.0,0.0,141.0,0.0,97.65625,100.0,100.0,0.0,0.0,98.0,0.0,0.0,13.0,1.0,0.0,0.0,14.0,0.0,0.0,86.66666666666669,100.0,0.0,0.0,10.0,0.0,22.0
Michigan_Merged_Results_Pcredits22_REC120_Electricity,Michigan,2461.527777777778,144,0.0,113.0,30.0,1.0,0.0,0.0,0.0,78.4722222222222,20.833333333333336,0.6944444444444444,0.0,0.0,0.0,107.0,30.0,1.0,0.0,0.0,138.0,0.0,94.69026548672565,100.0,100.0,0.0,0.0,96.0,0.0,0.0,0.0,0.0,0.0,0.0,0.0,0.0,0.0,0.0,0.0,0.0,0.0,0.0,120.0,22.0
Michigan_Merged_Results_Pcredits22_REC60_Electricity,Michigan,2461.527777777778,144,0.0,113.0,29.0,2.0,0.0,0.0,0.0,78.4722222222222,20.13888888888889,1.3888888888888888,0.0,0.0,0.0,104.0,29.0,2.0,0.0,0.0,135.0,0.0,92.03539823008848,100.0,100.0,0.0,0.0,94.0,0.0,0.0,0.0,0.0,0.0,0.0,0.0,0.0,0.0,0.0,0.0,0.0,0.0,0.0,60.0,22.0
Michigan_Merged_Results_Pcredits22_REC75_Electricity,Michigan,2461.527777777778,144,0.0,113.0,30.0,1.0,0.0,0.0,0.0,78.4722222222222,20.833333333333336,0.6944444444444444,0.0,0.0,0.0,104.0,30.0,1.0,0.0,0.0,135.0,0.0,92.03539823008848,100.0,100.0,0.0,0.0,94.0,0.0,0.0,0.0,0.0,0.0,0.0,0.0,0.0,0.0,0.0,0.0,0.0,0.0,0.0,75.0,22.0
Michigan_Merged_Results_Pcredits22_REC90_Electricity,Michigan,2461.527777777778,144,0.0,113.0,30.0,1.0,0.0,0.0,0.0,78.4722222222222,20.833333333333336,0.6944444444444444,0.0,0.0,0.0,105.0,30.0,1.0,0.0,0.0,136.0,0.0,92.92035398230087,100.0,100.0,0.0,0.0,94.0,0.0,0.0,0.0,0.0,0.0,0.0,0.0,0.0,0.0,0.0,0.0,0.0,0.0,0.0,90.0,22.0
Michigan_Merged_Results_Pcredits3_REC0_None,Michigan,2461.527777777778,144,0.0,125.0,17.0,2.0,0.0,0.0,0.0,86.80555555555556,11.805555555555555,1.3888888888888888,0.0,0.0,0.0,0.0,9.0,2.0,0.0,0.0,11.0,0.0,0.0,52.941176470588246,100.0,0.0,0.0,8.0,0.0,0.0,0.0,0.0,0.0,0.0,0.0,0.0,0.0,0.0,0.0,0.0,0.0,0.0,0.0,3.0
Michigan_Merged_Results_Pcredits3_REC120_Electricity,Michigan,2461.527777777778,144,0.0,113.0,29.0,2.0,0.0,0.0,0.0,78.4722222222222,20.13888888888889,1.3888888888888888,0.0,0.0,0.0,0.0,16.0,2.0,0.0,0.0,18.0,0.0,0.0,55.17241379310346,100.0,0.0,0.0,12.0,0.0,0.0,0.0,0.0,0.0,0.0,0.0,0.0,0.0,0.0,0.0,0.0,0.0,0.0,120.0,3.0
Michigan_Merged_Results_Pcredits3_REC30_Electricity,Michigan,2461.527777777778,144,0.0,112.0,30.0,2.0,0.0,0.0,0.0,77.7777777777778,20.833333333333336,1.3888888888888888,0.0,0.0,0.0,0.0,0.0,1.0,0.0,0.0,1.0,0.0,0.0,0.0,50.0,0.0,0.0,1.0,0.0,0.0,0.0,0.0,0.0,0.0,0.0,0.0,0.0,0.0,0.0,0.0,0.0,0.0,30.0,3.0
Michigan_Merged_Results_Pcredits3_REC60_Electricity,Michigan,2461.527777777778,144,0.0,113.0,29.0,2.0,0.0,0.0,0.0,78.4722222222222,20.13888888888889,1.3888888888888888,0.0,0.0,0.0,0.0,0.0,2.0,0.0,0.0,2.0,0.0,0.0,0.0,100.0,0.0,0.0,1.0,0.0,0.0,0.0,0.0,0.0,0.0,0.0,0.0,0.0,0.0,0.0,0.0,0.0,0.0,60.0,3.0
Michigan_Merged_Results_Pcredits3_REC75_Electricity,Michigan,2461.527777777778,144,0.0,113.0,30.0,1.0,0.0,0.0,0.0,78.4722222222222,20.833333333333336,0.6944444444444444,0.0,0.0,0.0,0.0,0.0,1.0,0.0,0.0,1.0,0.0,0.0,0.0,100.0,0.0,0.0,1.0,0.0,0.0,0.0,0.0,0.0,0.0,0.0,0.0,0.0,0.0,0.0,0.0,0.0,0.0,75.0,3.0
Michigan_Merged_Results_Pcredits3_REC90_Electricity,Michigan,2461.527777777778,144,0.0,113.0,30.0,1.0,0.0,0.0,0.0,78.4722222222222,20.833333333333336,0.6944444444444444,0.0,0.0,0.0,0.0,2.0,1.0,0.0,0.0,3.0,0.0,0.0,6.666666666666668,100.0,0.0,0.0,2.0,0.0,0.0,0.0,0.0,0.0,0.0,0.0,0.0,0.0,0.0,0.0,0.0,0.0,0.0,90.0,3.0
Michigan_Merged_Results_Pcredits5_REC0_None,Michigan,2461.527777777778,144,0.0,126.0,17.0,1.0,0.0,0.0,0.0,87.5,11.805555555555555,0.6944444444444444,0.0,0.0,0.0,0.0,17.0,1.0,0.0,0.0,18.0,0.0,0.0,100.0,100.0,0.0,0.0,12.0,0.0,0.0,0.0,0.0,0.0,0.0,0.0,0.0,0.0,0.0,0.0,0.0,0.0,0.0,0.0,5.0
Michigan_Merged_Results_Pcredits5_REC120_Electricity,Michigan,2461.527777777778,144,0.0,113.0,29.0,2.0,0.0,0.0,0.0,78.4722222222222,20.13888888888889,1.3888888888888888,0.0,0.0,0.0,0.0,28.0,2.0,0.0,0.0,30.0,0.0,0.0,96.55172413793105,100.0,0.0,0.0,21.0,0.0,0.0,0.0,0.0,0.0,0.0,0.0,0.0,0.0,0.0,0.0,0.0,0.0,0.0,120.0,5.0
Michigan_Merged_Results_Pcredits5_REC30_Electricity,Michigan,2461.527777777778,144,0.0,113.0,30.0,1.0,0.0,0.0,0.0,78.4722222222222,20.833333333333336,0.6944444444444444,0.0,0.0,0.0,0.0,0.0,1.0,0.0,0.0,1.0,0.0,0.0,0.0,100.0,0.0,0.0,1.0,0.0,0.0,0.0,0.0,0.0,0.0,0.0,0.0,0.0,0.0,0.0,0.0,0.0,0.0,30.0,5.0
Michigan_Merged_Results_Pcredits5_REC60_Electricity,Michigan,2461.527777777778,144,0.0,113.0,29.0,2.0,0.0,0.0,0.0,78.4722222222222,20.13888888888889,1.3888888888888888,0.0,0.0,0.0,0.0,9.0,2.0,0.0,0.0,11.0,0.0,0.0,31.03448275862069,100.0,0.0,0.0,8.0,0.0,0.0,0.0,0.0,0.0,0.0,0.0,0.0,0.0,0.0,0.0,0.0,0.0,0.0,60.0,5.0
Michigan_Merged_Results_Pcredits5_REC75_Electricity,Michigan,2461.527777777778,144,0.0,113.0,30.0,1.0,0.0,0.0,0.0,78.4722222222222,20.833333333333336,0.6944444444444444,0.0,0.0,0.0,0.0,17.0,1.0,0.0,0.0,18.0,0.0,0.0,56.66666666666666,100.0,0.0,0.0,12.0,0.0,0.0,0.0,0.0,0.0,0.0,0.0,0.0,0.0,0.0,0.0,0.0,0.0,0.0,75.0,5.0
Michigan_Merged_Results_Pcredits5_REC90_Electricity,Michigan,2461.527777777778,144,0.0,113.0,30.0,1.0,0.0,0.0,0.0,78.4722222222222,20.833333333333336,0.6944444444444444,0.0,0.0,0.0,0.0,22.0,1.0,0.0,0.0,23.0,0.0,0.0,73.33333333333333,100.0,0.0,0.0,16.0,0.0,0.0,0.0,0.0,0.0,0.0,0.0,0.0,0.0,0.0,0.0,0.0,0.0,0.0,90.0,5.0
Michigan_Merged_Results_Pcredits22_REC30_Electricity,Michigan,2461.527777777778,144,0.0,113.0,29.0,2.0,0.0,0.0,0.0,78.4722222222222,20.13888888888889,1.3888888888888888,0.0,0.0,0.0,103.0,29.0,2.0,0.0,0.0,134.0,0.0,91.1504424778761,100.0,100.0,0.0,0.0,93.0,0.0,0.0,0.0,0.0,0.0,0.0,0.0,0.0,0.0,0.0,0.0,0.0,0.0,0.0,30.0,22.0
Minnesota_Merged_Results_Pcredits0_REC0_None,Minnesota,634.2257565568257,1487,0.0,1476.0,0.0,11.0,0.0,0.0,0.0,99.2602555480834,0.0,0.7397444519166106,0.0,0.0,0.0,0.0,0.0,11.0,0.0,0.0,11.0,0.0,0.0,0.0,100.0,0.0,0.0,1.0,0.0,0.0,0.0,0.0,0.0,0.0,0.0,0.0,0.0,0.0,0.0,0.0,0.0,0.0,0.0,0.0
Minnesota_Merged_Results_Pcredits0_REC120_Electricity,Minnesota,634.2257565568257,1487,0.0,1476.0,0.0,11.0,0.0,0.0,0.0,99.2602555480834,0.0,0.7397444519166106,0.0,0.0,0.0,0.0,0.0,10.0,0.0,0.0,10.0,0.0,0.0,0.0,90.9090909090909,0.0,0.0,1.0,0.0,0.0,0.0,0.0,0.0,0.0,0.0,0.0,0.0,0.0,0.0,0.0,0.0,0.0,120.0,0.0
Minnesota_Merged_Results_Pcredits0_REC30_Electricity,Minnesota,634.2257565568257,1487,0.0,1476.0,0.0,11.0,0.0,0.0,0.0,99.2602555480834,0.0,0.7397444519166106,0.0,0.0,0.0,0.0,0.0,0.0,0.0,0.0,0.0,0.0,0.0,0.0,0.0,0.0,0.0,0.0,0.0,0.0,0.0,0.0,0.0,0.0,0.0,0.0,0.0,0.0,0.0,0.0,0.0,0.0,30.0,0.0
Minnesota_Merged_Results_Pcredits0_REC60_Electricity,Minnesota,634.2257565568257,1487,0.0,1476.0,0.0,11.0,0.0,0.0,0.0,99.2602555480834,0.0,0.7397444519166106,0.0,0.0,0.0,0.0,0.0,0.0,0.0,0.0,0.0,0.0,0.0,0.0,0.0,0.0,0.0,0.0,0.0,0.0,0.0,0.0,0.0,0.0,0.0,0.0,0.0,0.0,0.0,0.0,0.0,0.0,60.0,0.0
Minnesota_Merged_Results_Pcredits0_REC75_Electricity,Minnesota,634.2257565568257,1487,0.0,1476.0,0.0,11.0,0.0,0.0,0.0,99.2602555480834,0.0,0.7397444519166106,0.0,0.0,0.0,0.0,0.0,3.0,0.0,0.0,3.0,0.0,0.0,0.0,27.27272727272727,0.0,0.0,0.0,0.0,0.0,0.0,0.0,0.0,0.0,0.0,0.0,0.0,0.0,0.0,0.0,0.0,0.0,75.0,0.0
Minnesota_Merged_Results_Pcredits0_REC90_Electricity,Minnesota,634.2257565568257,1487,0.0,1476.0,0.0,11.0,0.0,0.0,0.0,99.2602555480834,0.0,0.7397444519166106,0.0,0.0,0.0,0.0,0.0,10.0,0.0,0.0,10.0,0.0,0.0,0.0,90.9090909090909,0.0,0.0,1.0,0.0,0.0,0.0,0.0,0.0,0.0,0.0,0.0,0.0,0.0,0.0,0.0,0.0,0.0,90.0,0.0
Minnesota_Merged_Results_Pcredits11_REC0_None,Minnesota,634.2257565568257,1487,0.0,1476.0,0.0,11.0,0.0,0.0,0.0,99.2602555480834,0.0,0.7397444519166106,0.0,0.0,0.0,7.0,0.0,11.0,0.0,0.0,18.0,0.0,0.4742547425474255,0.0,100.0,0.0,0.0,1.0,0.0,0.0,0.0,0.0,0.0,0.0,0.0,0.0,0.0,0.0,0.0,0.0,0.0,0.0,0.0,11.0
Minnesota_Merged_Results_Pcredits11_REC120_Electricity,Minnesota,634.2257565568257,1487,0.0,1476.0,0.0,11.0,0.0,0.0,0.0,99.2602555480834,0.0,0.7397444519166106,0.0,0.0,0.0,1.0,0.0,11.0,0.0,0.0,12.0,0.0,0.06775067750677506,0.0,100.0,0.0,0.0,1.0,0.0,0.0,0.0,0.0,0.0,0.0,0.0,0.0,0.0,0.0,0.0,0.0,0.0,0.0,120.0,11.0
Minnesota_Merged_Results_Pcredits11_REC30_Electricity,Minnesota,634.2257565568257,1487,0.0,1476.0,0.0,11.0,0.0,0.0,0.0,99.2602555480834,0.0,0.7397444519166106,0.0,0.0,0.0,0.0,0.0,11.0,0.0,0.0,11.0,0.0,0.0,0.0,100.0,0.0,0.0,1.0,0.0,0.0,0.0,0.0,0.0,0.0,0.0,0.0,0.0,0.0,0.0,0.0,0.0,0.0,30.0,11.0
Minnesota_Merged_Results_Pcredits11_REC60_Electricity,Minnesota,634.2257565568257,1487,0.0,1476.0,0.0,11.0,0.0,0.0,0.0,99.2602555480834,0.0,0.7397444519166106,0.0,0.0,0.0,0.0,0.0,11.0,0.0,0.0,11.0,0.0,0.0,0.0,100.0,0.0,0.0,1.0,0.0,0.0,0.0,0.0,0.0,0.0,0.0,0.0,0.0,0.0,0.0,0.0,0.0,0.0,60.0,11.0
Minnesota_Merged_Results_Pcredits11_REC75_Electricity,Minnesota,634.2257565568257,1487,0.0,1476.0,0.0,11.0,0.0,0.0,0.0,99.2602555480834,0.0,0.7397444519166106,0.0,0.0,0.0,0.0,0.0,11.0,0.0,0.0,11.0,0.0,0.0,0.0,100.0,0.0,0.0,1.0,0.0,0.0,0.0,0.0,0.0,0.0,0.0,0.0,0.0,0.0,0.0,0.0,0.0,0.0,75.0,11.0
Minnesota_Merged_Results_Pcredits11_REC90_Electricity,Minnesota,634.2257565568257,1487,0.0,1476.0,0.0,11.0,0.0,0.0,0.0,99.2602555480834,0.0,0.7397444519166106,0.0,0.0,0.0,0.0,0.0,11.0,0.0,0.0,11.0,0.0,0.0,0.0,100.0,0.0,0.0,1.0,0.0,0.0,0.0,0.0,0.0,0.0,0.0,0.0,0.0,0.0,0.0,0.0,0.0,0.0,90.0,11.0
Minnesota_Merged_Results_Pcredits1_REC0_None,Minnesota,634.2257565568257,1487,0.0,1476.0,0.0,11.0,0.0,0.0,0.0,99.2602555480834,0.0,0.7397444519166106,0.0,0.0,0.0,0.0,0.0,11.0,0.0,0.0,11.0,0.0,0.0,0.0,100.0,0.0,0.0,1.0,0.0,0.0,0.0,0.0,0.0,0.0,0.0,0.0,0.0,0.0,0.0,0.0,0.0,0.0,0.0,1.0
Minnesota_Merged_Results_Pcredits1_REC120_Electricity,Minnesota,634.2257565568257,1487,0.0,1476.0,0.0,11.0,0.0,0.0,0.0,99.2602555480834,0.0,0.7397444519166106,0.0,0.0,0.0,0.0,0.0,11.0,0.0,0.0,11.0,0.0,0.0,0.0,100.0,0.0,0.0,1.0,0.0,0.0,0.0,0.0,0.0,0.0,0.0,0.0,0.0,0.0,0.0,0.0,0.0,0.0,120.0,1.0
Minnesota_Merged_Results_Pcredits1_REC30_Electricity,Minnesota,634.2257565568257,1487,0.0,1476.0,0.0,11.0,0.0,0.0,0.0,99.2602555480834,0.0,0.7397444519166106,0.0,0.0,0.0,0.0,0.0,0.0,0.0,0.0,0.0,0.0,0.0,0.0,0.0,0.0,0.0,0.0,0.0,0.0,0.0,0.0,0.0,0.0,0.0,0.0,0.0,0.0,0.0,0.0,0.0,0.0,30.0,1.0
Minnesota_Merged_Results_Pcredits1_REC60_Electricity,Minnesota,634.2257565568257,1487,0.0,1476.0,0.0,11.0,0.0,0.0,0.0,99.2602555480834,0.0,0.7397444519166106,0.0,0.0,0.0,0.0,0.0,10.0,0.0,0.0,10.0,0.0,0.0,0.0,90.9090909090909,0.0,0.0,1.0,0.0,0.0,0.0,0.0,0.0,0.0,0.0,0.0,0.0,0.0,0.0,0.0,0.0,0.0,60.0,1.0
Minnesota_Merged_Results_Pcredits1_REC75_Electricity,Minnesota,634.2257565568257,1487,0.0,1476.0,0.0,11.0,0.0,0.0,0.0,99.2602555480834,0.0,0.7397444519166106,0.0,0.0,0.0,0.0,0.0,10.0,0.0,0.0,10.0,0.0,0.0,0.0,90.9090909090909,0.0,0.0,1.0,0.0,0.0,0.0,0.0,0.0,0.0,0.0,0.0,0.0,0.0,0.0,0.0,0.0,0.0,75.0,1.0
Minnesota_Merged_Results_Pcredits1_REC90_Electricity,Minnesota,634.2257565568257,1487,0.0,1476.0,0.0,11.0,0.0,0.0,0.0,99.2602555480834,0.0,0.7397444519166106,0.0,0.0,0.0,0.0,0.0,10.0,0.0,0.0,10.0,0.0,0.0,0.0,90.9090909090909,0.0,0.0,1.0,0.0,0.0,0.0,0.0,0.0,0.0,0.0,0.0,0.0,0.0,0.0,0.0,0.0,0.0,90.0,1.0
Minnesota_Merged_Results_Pcredits22_REC0_None,Minnesota,634.2257565568257,1487,0.0,1477.0,0.0,10.0,0.0,0.0,0.0,99.32750504371216,0.0,0.6724949562878278,0.0,0.0,0.0,855.0,0.0,10.0,0.0,0.0,865.0,0.0,57.88761002031144,0.0,100.0,0.0,0.0,58.0,0.0,1.0,0.0,10.0,0.0,0.0,11.0,0.0,0.06770480704129993,0.0,100.0,0.0,0.0,1.0,0.0,22.0
Minnesota_Merged_Results_Pcredits22_REC120_Electricity,Minnesota,634.2257565568257,1487,0.0,1476.0,0.0,11.0,0.0,0.0,0.0,99.2602555480834,0.0,0.7397444519166106,0.0,0.0,0.0,216.0,0.0,11.0,0.0,0.0,227.0,0.0,14.634146341463413,0.0,100.0,0.0,0.0,15.0,0.0,0.0,0.0,0.0,0.0,0.0,0.0,0.0,0.0,0.0,0.0,0.0,0.0,0.0,120.0,22.0
Minnesota_Merged_Results_Pcredits22_REC60_Electricity,Minnesota,634.2257565568257,1487,0.0,1476.0,0.0,11.0,0.0,0.0,0.0,99.2602555480834,0.0,0.7397444519166106,0.0,0.0,0.0,96.0,0.0,11.0,0.0,0.0,107.0,0.0,6.504065040650407,0.0,100.0,0.0,0.0,7.0,0.0,0.0,0.0,0.0,0.0,0.0,0.0,0.0,0.0,0.0,0.0,0.0,0.0,0.0,60.0,22.0
Minnesota_Merged_Results_Pcredits22_REC75_Electricity,Minnesota,634.2257565568257,1487,0.0,1476.0,0.0,11.0,0.0,0.0,0.0,99.2602555480834,0.0,0.7397444519166106,0.0,0.0,0.0,110.0,0.0,11.0,0.0,0.0,121.0,0.0,7.452574525745258,0.0,100.0,0.0,0.0,8.0,0.0,0.0,0.0,0.0,0.0,0.0,0.0,0.0,0.0,0.0,0.0,0.0,0.0,0.0,75.0,22.0
Minnesota_Merged_Results_Pcredits22_REC90_Electricity,Minnesota,634.2257565568257,1487,0.0,1476.0,0.0,11.0,0.0,0.0,0.0,99.2602555480834,0.0,0.7397444519166106,0.0,0.0,0.0,118.0,0.0,11.0,0.0,0.0,129.0,0.0,7.994579945799456,0.0,100.0,0.0,0.0,9.0,0.0,0.0,0.0,0.0,0.0,0.0,0.0,0.0,0.0,0.0,0.0,0.0,0.0,0.0,90.0,22.0
Minnesota_Merged_Results_Pcredits3_REC0_None,Minnesota,634.2257565568257,1487,0.0,1476.0,0.0,11.0,0.0,0.0,0.0,99.2602555480834,0.0,0.7397444519166106,0.0,0.0,0.0,0.0,0.0,11.0,0.0,0.0,11.0,0.0,0.0,0.0,100.0,0.0,0.0,1.0,0.0,0.0,0.0,0.0,0.0,0.0,0.0,0.0,0.0,0.0,0.0,0.0,0.0,0.0,0.0,3.0
Minnesota_Merged_Results_Pcredits3_REC120_Electricity,Minnesota,634.2257565568257,1487,0.0,1474.0,2.0,11.0,0.0,0.0,0.0,99.12575655682585,0.13449899125756554,0.7397444519166106,0.0,0.0,0.0,0.0,0.0,11.0,0.0,0.0,11.0,0.0,0.0,0.0,100.0,0.0,0.0,1.0,0.0,0.0,0.0,0.0,0.0,0.0,0.0,0.0,0.0,0.0,0.0,0.0,0.0,0.0,120.0,3.0
Minnesota_Merged_Results_Pcredits3_REC30_Electricity,Minnesota,634.2257565568257,1487,0.0,1476.0,0.0,11.0,0.0,0.0,0.0,99.2602555480834,0.0,0.7397444519166106,0.0,0.0,0.0,0.0,0.0,10.0,0.0,0.0,10.0,0.0,0.0,0.0,90.9090909090909,0.0,0.0,1.0,0.0,0.0,0.0,0.0,0.0,0.0,0.0,0.0,0.0,0.0,0.0,0.0,0.0,0.0,30.0,3.0
Minnesota_Merged_Results_Pcredits3_REC60_Electricity,Minnesota,634.2257565568257,1487,0.0,1476.0,0.0,11.0,0.0,0.0,0.0,99.2602555480834,0.0,0.7397444519166106,0.0,0.0,0.0,0.0,0.0,11.0,0.0,0.0,11.0,0.0,0.0,0.0,100.0,0.0,0.0,1.0,0.0,0.0,0.0,0.0,0.0,0.0,0.0,0.0,0.0,0.0,0.0,0.0,0.0,0.0,60.0,3.0
Minnesota_Merged_Results_Pcredits3_REC75_Electricity,Minnesota,634.2257565568257,1487,0.0,1476.0,0.0,11.0,0.0,0.0,0.0,99.2602555480834,0.0,0.7397444519166106,0.0,0.0,0.0,0.0,0.0,11.0,0.0,0.0,11.0,0.0,0.0,0.0,100.0,0.0,0.0,1.0,0.0,0.0,0.0,0.0,0.0,0.0,0.0,0.0,0.0,0.0,0.0,0.0,0.0,0.0,75.0,3.0
Minnesota_Merged_Results_Pcredits3_REC90_Electricity,Minnesota,634.2257565568257,1487,0.0,1476.0,0.0,11.0,0.0,0.0,0.0,99.2602555480834,0.0,0.7397444519166106,0.0,0.0,0.0,0.0,0.0,11.0,0.0,0.0,11.0,0.0,0.0,0.0,100.0,0.0,0.0,1.0,0.0,0.0,0.0,0.0,0.0,0.0,0.0,0.0,0.0,0.0,0.0,0.0,0.0,0.0,90.0,3.0
Minnesota_Merged_Results_Pcredits5_REC0_None,Minnesota,634.2257565568257,1487,0.0,1476.0,0.0,11.0,0.0,0.0,0.0,99.2602555480834,0.0,0.7397444519166106,0.0,0.0,0.0,0.0,0.0,11.0,0.0,0.0,11.0,0.0,0.0,0.0,100.0,0.0,0.0,1.0,0.0,0.0,0.0,0.0,0.0,0.0,0.0,0.0,0.0,0.0,0.0,0.0,0.0,0.0,0.0,5.0
Minnesota_Merged_Results_Pcredits5_REC120_Electricity,Minnesota,634.2257565568257,1487,0.0,1476.0,0.0,11.0,0.0,0.0,0.0,99.2602555480834,0.0,0.7397444519166106,0.0,0.0,0.0,0.0,0.0,11.0,0.0,0.0,11.0,0.0,0.0,0.0,100.0,0.0,0.0,1.0,0.0,0.0,0.0,0.0,0.0,0.0,0.0,0.0,0.0,0.0,0.0,0.0,0.0,0.0,120.0,5.0
Minnesota_Merged_Results_Pcredits5_REC30_Electricity,Minnesota,634.2257565568257,1487,0.0,1476.0,0.0,11.0,0.0,0.0,0.0,99.2602555480834,0.0,0.7397444519166106,0.0,0.0,0.0,0.0,0.0,11.0,0.0,0.0,11.0,0.0,0.0,0.0,100.0,0.0,0.0,1.0,0.0,0.0,0.0,0.0,0.0,0.0,0.0,0.0,0.0,0.0,0.0,0.0,0.0,0.0,30.0,5.0
Minnesota_Merged_Results_Pcredits5_REC60_Electricity,Minnesota,634.2257565568257,1487,0.0,1476.0,0.0,11.0,0.0,0.0,0.0,99.2602555480834,0.0,0.7397444519166106,0.0,0.0,0.0,0.0,0.0,11.0,0.0,0.0,11.0,0.0,0.0,0.0,100.0,0.0,0.0,1.0,0.0,0.0,0.0,0.0,0.0,0.0,0.0,0.0,0.0,0.0,0.0,0.0,0.0,0.0,60.0,5.0
Minnesota_Merged_Results_Pcredits5_REC75_Electricity,Minnesota,634.2257565568257,1487,0.0,1476.0,0.0,11.0,0.0,0.0,0.0,99.2602555480834,0.0,0.7397444519166106,0.0,0.0,0.0,0.0,0.0,11.0,0.0,0.0,11.0,0.0,0.0,0.0,100.0,0.0,0.0,1.0,0.0,0.0,0.0,0.0,0.0,0.0,0.0,0.0,0.0,0.0,0.0,0.0,0.0,0.0,75.0,5.0
Minnesota_Merged_Results_Pcredits5_REC90_Electricity,Minnesota,634.2257565568257,1487,0.0,1476.0,0.0,11.0,0.0,0.0,0.0,99.2602555480834,0.0,0.7397444519166106,0.0,0.0,0.0,0.0,0.0,11.0,0.0,0.0,11.0,0.0,0.0,0.0,100.0,0.0,0.0,1.0,0.0,0.0,0.0,0.0,0.0,0.0,0.0,0.0,0.0,0.0,0.0,0.0,0.0,0.0,90.0,5.0
Minnesota_Merged_Results_Pcredits22_REC30_Electricity,Minnesota,634.2257565568257,1487,0.0,1476.0,0.0,11.0,0.0,0.0,0.0,99.2602555480834,0.0,0.7397444519166106,0.0,0.0,0.0,69.0,0.0,11.0,0.0,0.0,80.0,0.0,4.674796747967481,0.0,100.0,0.0,0.0,5.0,0.0,0.0,0.0,0.0,0.0,0.0,0.0,0.0,0.0,0.0,0.0,0.0,0.0,0.0,30.0,22.0
Ohio_Merged_Results_Pcredits0_REC0_None,Ohio,2415.245283018868,53,0.0,50.0,1.0,2.0,0.0,0.0,0.0,94.33962264150944,1.8867924528301887,3.7735849056603774,0.0,0.0,0.0,0.0,0.0,2.0,0.0,0.0,2.0,0.0,0.0,0.0,100.0,0.0,0.0,4.0,0.0,0.0,0.0,0.0,0.0,0.0,0.0,0.0,0.0,0.0,0.0,0.0,0.0,0.0,0.0,0.0
Ohio_Merged_Results_Pcredits0_REC120_Electricity,Ohio,2415.245283018868,53,0.0,47.0,4.0,2.0,0.0,0.0,0.0,88.67924528301887,7.547169811320754,3.7735849056603774,0.0,0.0,0.0,0.0,0.0,1.0,0.0,0.0,1.0,0.0,0.0,0.0,50.0,0.0,0.0,2.0,0.0,0.0,0.0,0.0,0.0,0.0,0.0,0.0,0.0,0.0,0.0,0.0,0.0,0.0,120.0,0.0
Ohio_Merged_Results_Pcredits0_REC30_Electricity,Ohio,2415.245283018868,53,0.0,47.0,4.0,2.0,0.0,0.0,0.0,88.67924528301887,7.547169811320754,3.7735849056603774,0.0,0.0,0.0,0.0,0.0,0.0,0.0,0.0,0.0,0.0,0.0,0.0,0.0,0.0,0.0,0.0,0.0,0.0,0.0,0.0,0.0,0.0,0.0,0.0,0.0,0.0,0.0,0.0,0.0,0.0,30.0,0.0
Ohio_Merged_Results_Pcredits0_REC60_Electricity,Ohio,2415.245283018868,53,0.0,47.0,4.0,2.0,0.0,0.0,0.0,88.67924528301887,7.547169811320754,3.7735849056603774,0.0,0.0,0.0,0.0,0.0,0.0,0.0,0.0,0.0,0.0,0.0,0.0,0.0,0.0,0.0,0.0,0.0,0.0,0.0,0.0,0.0,0.0,0.0,0.0,0.0,0.0,0.0,0.0,0.0,0.0,60.0,0.0
Ohio_Merged_Results_Pcredits0_REC75_Electricity,Ohio,2415.245283018868,53,0.0,47.0,4.0,2.0,0.0,0.0,0.0,88.67924528301887,7.547169811320754,3.7735849056603774,0.0,0.0,0.0,0.0,0.0,0.0,0.0,0.0,0.0,0.0,0.0,0.0,0.0,0.0,0.0,0.0,0.0,0.0,0.0,0.0,0.0,0.0,0.0,0.0,0.0,0.0,0.0,0.0,0.0,0.0,75.0,0.0
Ohio_Merged_Results_Pcredits0_REC90_Electricity,Ohio,2415.245283018868,53,0.0,47.0,3.0,3.0,0.0,0.0,0.0,88.67924528301887,5.6603773584905674,5.6603773584905674,0.0,0.0,0.0,0.0,0.0,1.0,0.0,0.0,1.0,0.0,0.0,0.0,33.33333333333333,0.0,0.0,2.0,0.0,0.0,0.0,0.0,0.0,0.0,0.0,0.0,0.0,0.0,0.0,0.0,0.0,0.0,90.0,0.0
Ohio_Merged_Results_Pcredits11_REC0_None,Ohio,2415.245283018868,53,0.0,50.0,1.0,2.0,0.0,0.0,0.0,94.33962264150944,1.8867924528301887,3.7735849056603774,0.0,0.0,0.0,41.0,1.0,2.0,0.0,0.0,44.0,0.0,82.0,100.0,100.0,0.0,0.0,83.0,0.0,0.0,0.0,0.0,0.0,0.0,0.0,0.0,0.0,0.0,0.0,0.0,0.0,0.0,0.0,11.0
Ohio_Merged_Results_Pcredits11_REC120_Electricity,Ohio,2415.245283018868,53,0.0,47.0,4.0,2.0,0.0,0.0,0.0,88.67924528301887,7.547169811320754,3.7735849056603774,0.0,0.0,0.0,11.0,4.0,2.0,0.0,0.0,17.0,0.0,23.40425531914893,100.0,100.0,0.0,0.0,32.0,0.0,0.0,0.0,0.0,0.0,0.0,0.0,0.0,0.0,0.0,0.0,0.0,0.0,0.0,120.0,11.0
Ohio_Merged_Results_Pcredits11_REC30_Electricity,Ohio,2415.245283018868,53,0.0,47.0,3.0,3.0,0.0,0.0,0.0,88.67924528301887,5.6603773584905674,5.6603773584905674,0.0,0.0,0.0,0.0,3.0,3.0,0.0,0.0,6.0,0.0,0.0,100.0,100.0,0.0,0.0,11.0,0.0,0.0,0.0,0.0,0.0,0.0,0.0,0.0,0.0,0.0,0.0,0.0,0.0,0.0,30.0,11.0
Ohio_Merged_Results_Pcredits11_REC60_Electricity,Ohio,2415.245283018868,53,0.0,47.0,3.0,3.0,0.0,0.0,0.0,88.67924528301887,5.6603773584905674,5.6603773584905674,0.0,0.0,0.0,0.0,3.0,3.0,0.0,0.0,6.0,0.0,0.0,100.0,100.0,0.0,0.0,11.0,0.0,0.0,0.0,0.0,0.0,0.0,0.0,0.0,0.0,0.0,0.0,0.0,0.0,0.0,60.0,11.0
Ohio_Merged_Results_Pcredits11_REC75_Electricity,Ohio,2415.245283018868,53,0.0,47.0,4.0,2.0,0.0,0.0,0.0,88.67924528301887,7.547169811320754,3.7735849056603774,0.0,0.0,0.0,0.0,4.0,2.0,0.0,0.0,6.0,0.0,0.0,100.0,100.0,0.0,0.0,11.0,0.0,0.0,0.0,0.0,0.0,0.0,0.0,0.0,0.0,0.0,0.0,0.0,0.0,0.0,75.0,11.0
Ohio_Merged_Results_Pcredits11_REC90_Electricity,Ohio,2415.245283018868,53,0.0,47.0,3.0,3.0,0.0,0.0,0.0,88.67924528301887,5.6603773584905674,5.6603773584905674,0.0,0.0,0.0,2.0,3.0,3.0,0.0,0.0,8.0,0.0,4.25531914893617,100.0,100.0,0.0,0.0,15.0,0.0,0.0,0.0,0.0,0.0,0.0,0.0,0.0,0.0,0.0,0.0,0.0,0.0,0.0,90.0,11.0
Ohio_Merged_Results_Pcredits1_REC0_None,Ohio,2415.245283018868,53,0.0,50.0,1.0,2.0,0.0,0.0,0.0,94.33962264150944,1.8867924528301887,3.7735849056603774,0.0,0.0,0.0,0.0,0.0,2.0,0.0,0.0,2.0,0.0,0.0,0.0,100.0,0.0,0.0,4.0,0.0,0.0,0.0,0.0,0.0,0.0,0.0,0.0,0.0,0.0,0.0,0.0,0.0,0.0,0.0,1.0
Ohio_Merged_Results_Pcredits1_REC120_Electricity,Ohio,2415.245283018868,53,0.0,47.0,3.0,3.0,0.0,0.0,0.0,88.67924528301887,5.6603773584905674,5.6603773584905674,0.0,0.0,0.0,0.0,0.0,3.0,0.0,0.0,3.0,0.0,0.0,0.0,100.0,0.0,0.0,6.0,0.0,0.0,0.0,0.0,0.0,0.0,0.0,0.0,0.0,0.0,0.0,0.0,0.0,0.0,120.0,1.0
Ohio_Merged_Results_Pcredits1_REC30_Electricity,Ohio,2415.245283018868,53,0.0,47.0,3.0,3.0,0.0,0.0,0.0,88.67924528301887,5.6603773584905674,5.6603773584905674,0.0,0.0,0.0,0.0,0.0,0.0,0.0,0.0,0.0,0.0,0.0,0.0,0.0,0.0,0.0,0.0,0.0,0.0,0.0,0.0,0.0,0.0,0.0,0.0,0.0,0.0,0.0,0.0,0.0,0.0,30.0,1.0
Ohio_Merged_Results_Pcredits1_REC60_Electricity,Ohio,2415.245283018868,53,0.0,47.0,3.0,3.0,0.0,0.0,0.0,88.67924528301887,5.6603773584905674,5.6603773584905674,0.0,0.0,0.0,0.0,0.0,0.0,0.0,0.0,0.0,0.0,0.0,0.0,0.0,0.0,0.0,0.0,0.0,0.0,0.0,0.0,0.0,0.0,0.0,0.0,0.0,0.0,0.0,0.0,0.0,0.0,60.0,1.0
Ohio_Merged_Results_Pcredits1_REC75_Electricity,Ohio,2415.245283018868,53,0.0,47.0,4.0,2.0,0.0,0.0,0.0,88.67924528301887,7.547169811320754,3.7735849056603774,0.0,0.0,0.0,0.0,0.0,1.0,0.0,0.0,1.0,0.0,0.0,0.0,50.0,0.0,0.0,2.0,0.0,0.0,0.0,0.0,0.0,0.0,0.0,0.0,0.0,0.0,0.0,0.0,0.0,0.0,75.0,1.0
Ohio_Merged_Results_Pcredits1_REC90_Electricity,Ohio,2415.245283018868,53,0.0,47.0,4.0,2.0,0.0,0.0,0.0,88.67924528301887,7.547169811320754,3.7735849056603774,0.0,0.0,0.0,0.0,0.0,1.0,0.0,0.0,1.0,0.0,0.0,0.0,50.0,0.0,0.0,2.0,0.0,0.0,0.0,0.0,0.0,0.0,0.0,0.0,0.0,0.0,0.0,0.0,0.0,0.0,90.0,1.0
Ohio_Merged_Results_Pcredits22_REC0_None,Ohio,2415.245283018868,53,0.0,50.0,1.0,2.0,0.0,0.0,0.0,94.33962264150944,1.8867924528301887,3.7735849056603774,0.0,0.0,0.0,50.0,1.0,2.0,0.0,0.0,53.0,0.0,100.0,100.0,100.0,0.0,0.0,100.0,0.0,0.0,1.0,2.0,0.0,0.0,3.0,0.0,0.0,100.0,100.0,0.0,0.0,6.0,0.0,22.0
Ohio_Merged_Results_Pcredits22_REC30_Electricity,Ohio,2415.245283018868,53,0.0,47.0,4.0,2.0,0.0,0.0,0.0,88.67924528301887,7.547169811320754,3.7735849056603774,0.0,0.0,0.0,42.0,4.0,2.0,0.0,0.0,48.0,0.0,89.36170212765957,100.0,100.0,0.0,0.0,91.0,0.0,0.0,0.0,0.0,0.0,0.0,0.0,0.0,0.0,0.0,0.0,0.0,0.0,0.0,30.0,22.0
Ohio_Merged_Results_Pcredits22_REC60_Electricity,Ohio,2415.245283018868,53,0.0,47.0,4.0,2.0,0.0,0.0,0.0,88.67924528301887,7.547169811320754,3.7735849056603774,0.0,0.0,0.0,43.0,4.0,2.0,0.0,0.0,49.0,0.0,91.48936170212765,100.0,100.0,0.0,0.0,92.0,0.0,0.0,0.0,0.0,0.0,0.0,0.0,0.0,0.0,0.0,0.0,0.0,0.0,0.0,60.0,22.0
Ohio_Merged_Results_Pcredits22_REC75_Electricity,Ohio,2415.245283018868,53,0.0,47.0,4.0,2.0,0.0,0.0,0.0,88.67924528301887,7.547169811320754,3.7735849056603774,0.0,0.0,0.0,44.0,4.0,2.0,0.0,0.0,50.0,0.0,93.61702127659576,100.0,100.0,0.0,0.0,94.0,0.0,0.0,0.0,0.0,0.0,0.0,0.0,0.0,0.0,0.0,0.0,0.0,0.0,0.0,75.0,22.0
Ohio_Merged_Results_Pcredits22_REC90_Electricity,Ohio,2415.245283018868,53,0.0,47.0,4.0,2.0,0.0,0.0,0.0,88.67924528301887,7.547169811320754,3.7735849056603774,0.0,0.0,0.0,46.0,4.0,2.0,0.0,0.0,52.0,0.0,97.87234042553192,100.0,100.0,0.0,0.0,98.0,0.0,0.0,0.0,0.0,0.0,0.0,0.0,0.0,0.0,0.0,0.0,0.0,0.0,0.0,90.0,22.0
Ohio_Merged_Results_Pcredits3_REC0_None,Ohio,2415.245283018868,53,0.0,50.0,1.0,2.0,0.0,0.0,0.0,94.33962264150944,1.8867924528301887,3.7735849056603774,0.0,0.0,0.0,0.0,0.0,2.0,0.0,0.0,2.0,0.0,0.0,0.0,100.0,0.0,0.0,4.0,0.0,0.0,0.0,0.0,0.0,0.0,0.0,0.0,0.0,0.0,0.0,0.0,0.0,0.0,0.0,3.0
Ohio_Merged_Results_Pcredits3_REC120_Electricity,Ohio,2415.245283018868,53,0.0,47.0,4.0,2.0,0.0,0.0,0.0,88.67924528301887,7.547169811320754,3.7735849056603774,0.0,0.0,0.0,0.0,3.0,2.0,0.0,0.0,5.0,0.0,0.0,75.0,100.0,0.0,0.0,9.0,0.0,0.0,0.0,0.0,0.0,0.0,0.0,0.0,0.0,0.0,0.0,0.0,0.0,0.0,120.0,3.0
Ohio_Merged_Results_Pcredits3_REC30_Electricity,Ohio,2415.245283018868,53,0.0,47.0,3.0,3.0,0.0,0.0,0.0,88.67924528301887,5.6603773584905674,5.6603773584905674,0.0,0.0,0.0,0.0,0.0,1.0,0.0,0.0,1.0,0.0,0.0,0.0,33.33333333333333,0.0,0.0,2.0,0.0,0.0,0.0,0.0,0.0,0.0,0.0,0.0,0.0,0.0,0.0,0.0,0.0,0.0,30.0,3.0
Ohio_Merged_Results_Pcredits3_REC60_Electricity,Ohio,2415.245283018868,53,0.0,47.0,4.0,2.0,0.0,0.0,0.0,88.67924528301887,7.547169811320754,3.7735849056603774,0.0,0.0,0.0,0.0,0.0,1.0,0.0,0.0,1.0,0.0,0.0,0.0,50.0,0.0,0.0,2.0,0.0,0.0,0.0,0.0,0.0,0.0,0.0,0.0,0.0,0.0,0.0,0.0,0.0,0.0,60.0,3.0
Ohio_Merged_Results_Pcredits3_REC75_Electricity,Ohio,2415.245283018868,53,0.0,47.0,4.0,2.0,0.0,0.0,0.0,88.67924528301887,7.547169811320754,3.7735849056603774,0.0,0.0,0.0,0.0,0.0,2.0,0.0,0.0,2.0,0.0,0.0,0.0,100.0,0.0,0.0,4.0,0.0,0.0,0.0,0.0,0.0,0.0,0.0,0.0,0.0,0.0,0.0,0.0,0.0,0.0,75.0,3.0
Ohio_Merged_Results_Pcredits3_REC90_Electricity,Ohio,2415.245283018868,53,0.0,47.0,4.0,2.0,0.0,0.0,0.0,88.67924528301887,7.547169811320754,3.7735849056603774,0.0,0.0,0.0,0.0,1.0,2.0,0.0,0.0,3.0,0.0,0.0,25.0,100.0,0.0,0.0,6.0,0.0,0.0,0.0,0.0,0.0,0.0,0.0,0.0,0.0,0.0,0.0,0.0,0.0,0.0,90.0,3.0
Ohio_Merged_Results_Pcredits5_REC0_None,Ohio,2415.245283018868,53,0.0,51.0,1.0,1.0,0.0,0.0,0.0,96.22641509433964,1.8867924528301887,1.8867924528301887,0.0,0.0,0.0,0.0,1.0,1.0,0.0,0.0,2.0,0.0,0.0,100.0,100.0,0.0,0.0,4.0,0.0,0.0,0.0,0.0,0.0,0.0,0.0,0.0,0.0,0.0,0.0,0.0,0.0,0.0,0.0,5.0
Ohio_Merged_Results_Pcredits5_REC120_Electricity,Ohio,2415.245283018868,53,0.0,48.0,3.0,2.0,0.0,0.0,0.0,90.56603773584905,5.6603773584905674,3.7735849056603774,0.0,0.0,0.0,0.0,3.0,2.0,0.0,0.0,5.0,0.0,0.0,100.0,100.0,0.0,0.0,9.0,0.0,0.0,0.0,0.0,0.0,0.0,0.0,0.0,0.0,0.0,0.0,0.0,0.0,0.0,120.0,5.0
Ohio_Merged_Results_Pcredits5_REC30_Electricity,Ohio,2415.245283018868,53,0.0,47.0,3.0,3.0,0.0,0.0,0.0,88.67924528301887,5.6603773584905674,5.6603773584905674,0.0,0.0,0.0,0.0,0.0,3.0,0.0,0.0,3.0,0.0,0.0,0.0,100.0,0.0,0.0,6.0,0.0,0.0,0.0,0.0,0.0,0.0,0.0,0.0,0.0,0.0,0.0,0.0,0.0,0.0,30.0,5.0
Ohio_Merged_Results_Pcredits5_REC60_Electricity,Ohio,2415.245283018868,53,0.0,47.0,3.0,3.0,0.0,0.0,0.0,88.67924528301887,5.6603773584905674,5.6603773584905674,0.0,0.0,0.0,0.0,2.0,3.0,0.0,0.0,5.0,0.0,0.0,66.66666666666666,100.0,0.0,0.0,9.0,0.0,0.0,0.0,0.0,0.0,0.0,0.0,0.0,0.0,0.0,0.0,0.0,0.0,0.0,60.0,5.0
Ohio_Merged_Results_Pcredits5_REC75_Electricity,Ohio,2415.245283018868,53,0.0,47.0,4.0,2.0,0.0,0.0,0.0,88.67924528301887,7.547169811320754,3.7735849056603774,0.0,0.0,0.0,0.0,3.0,2.0,0.0,0.0,5.0,0.0,0.0,75.0,100.0,0.0,0.0,9.0,0.0,0.0,0.0,0.0,0.0,0.0,0.0,0.0,0.0,0.0,0.0,0.0,0.0,0.0,75.0,5.0
Ohio_Merged_Results_Pcredits5_REC90_Electricity,Ohio,2415.245283018868,53,0.0,47.0,4.0,2.0,0.0,0.0,0.0,88.67924528301887,7.547169811320754,3.7735849056603774,0.0,0.0,0.0,0.0,4.0,2.0,0.0,0.0,6.0,0.0,0.0,100.0,100.0,0.0,0.0,11.0,0.0,0.0,0.0,0.0,0.0,0.0,0.0,0.0,0.0,0.0,0.0,0.0,0.0,0.0,90.0,5.0
Ohio_Merged_Results_Pcredits22_REC120_Electricity,Ohio,2415.245283018868,53,0.0,47.0,4.0,2.0,0.0,0.0,0.0,88.67924528301887,7.547169811320754,3.7735849056603774,0.0,0.0,0.0,46.0,4.0,2.0,0.0,0.0,52.0,0.0,97.87234042553192,100.0,100.0,0.0,0.0,98.0,0.0,0.0,0.0,0.0,0.0,0.0,0.0,0.0,0.0,0.0,0.0,0.0,0.0,0.0,120.0,22.0
Pennsylvania_Merged_Results_Pcredits0_REC75_Electricity,Pennsylvania,1445.7161764705884,136,0.0,124.0,11.0,1.0,0.0,0.0,0.0,91.17647058823529,8.088235294117647,0.7352941176470588,0.0,0.0,0.0,0.0,0.0,1.0,0.0,0.0,1.0,0.0,0.0,0.0,100.0,0.0,0.0,1.0,0.0,0.0,0.0,0.0,0.0,0.0,0.0,0.0,0.0,0.0,0.0,0.0,0.0,0.0,75.0,0.0
Pennsylvania_Merged_Results_Pcredits0_REC90_Electricity,Pennsylvania,1445.7161764705884,136,0.0,124.0,11.0,1.0,0.0,0.0,0.0,91.17647058823529,8.088235294117647,0.7352941176470588,0.0,0.0,0.0,0.0,0.0,1.0,0.0,0.0,1.0,0.0,0.0,0.0,100.0,0.0,0.0,1.0,0.0,0.0,0.0,0.0,0.0,0.0,0.0,0.0,0.0,0.0,0.0,0.0,0.0,0.0,90.0,0.0
Pennsylvania_Merged_Results_Pcredits11_REC0_None,Pennsylvania,1445.7161764705884,136,0.0,129.0,6.0,1.0,0.0,0.0,0.0,94.85294117647058,4.411764705882354,0.7352941176470588,0.0,0.0,0.0,54.0,6.0,1.0,0.0,0.0,61.0,0.0,41.860465116279066,100.0,100.0,0.0,0.0,45.0,0.0,0.0,1.0,1.0,0.0,0.0,2.0,0.0,0.0,16.666666666666664,100.0,0.0,0.0,1.0,0.0,11.0
Pennsylvania_Merged_Results_Pcredits11_REC120_Electricity,Pennsylvania,1445.7161764705884,136,0.0,124.0,11.0,1.0,0.0,0.0,0.0,91.17647058823529,8.088235294117647,0.7352941176470588,0.0,0.0,0.0,9.0,11.0,1.0,0.0,0.0,21.0,0.0,7.258064516129032,100.0,100.0,0.0,0.0,15.0,0.0,0.0,0.0,0.0,0.0,0.0,0.0,0.0,0.0,0.0,0.0,0.0,0.0,0.0,120.0,11.0
Pennsylvania_Merged_Results_Pcredits11_REC30_Electricity,Pennsylvania,1445.7161764705884,136,0.0,123.0,12.0,1.0,0.0,0.0,0.0,90.44117647058823,8.823529411764708,0.7352941176470588,0.0,0.0,0.0,0.0,12.0,1.0,0.0,0.0,13.0,0.0,0.0,100.0,100.0,0.0,0.0,10.0,0.0,0.0,0.0,0.0,0.0,0.0,0.0,0.0,0.0,0.0,0.0,0.0,0.0,0.0,30.0,11.0
Pennsylvania_Merged_Results_Pcredits11_REC60_Electricity,Pennsylvania,1445.7161764705884,136,0.0,124.0,11.0,1.0,0.0,0.0,0.0,91.17647058823529,8.088235294117647,0.7352941176470588,0.0,0.0,0.0,0.0,11.0,1.0,0.0,0.0,12.0,0.0,0.0,100.0,100.0,0.0,0.0,9.0,0.0,0.0,0.0,0.0,0.0,0.0,0.0,0.0,0.0,0.0,0.0,0.0,0.0,0.0,60.0,11.0
Pennsylvania_Merged_Results_Pcredits11_REC75_Electricity,Pennsylvania,1445.7161764705884,136,0.0,124.0,11.0,1.0,0.0,0.0,0.0,91.17647058823529,8.088235294117647,0.7352941176470588,0.0,0.0,0.0,0.0,11.0,1.0,0.0,0.0,12.0,0.0,0.0,100.0,100.0,0.0,0.0,9.0,0.0,0.0,0.0,0.0,0.0,0.0,0.0,0.0,0.0,0.0,0.0,0.0,0.0,0.0,75.0,11.0
Pennsylvania_Merged_Results_Pcredits11_REC90_Electricity,Pennsylvania,1445.7161764705884,136,0.0,124.0,11.0,1.0,0.0,0.0,0.0,91.17647058823529,8.088235294117647,0.7352941176470588,0.0,0.0,0.0,1.0,11.0,1.0,0.0,0.0,13.0,0.0,0.8064516129032258,100.0,100.0,0.0,0.0,10.0,0.0,0.0,0.0,0.0,0.0,0.0,0.0,0.0,0.0,0.0,0.0,0.0,0.0,0.0,90.0,11.0
Pennsylvania_Merged_Results_Pcredits1_REC0_None,Pennsylvania,1445.7161764705884,136,0.0,129.0,6.0,1.0,0.0,0.0,0.0,94.85294117647058,4.411764705882354,0.7352941176470588,0.0,0.0,0.0,0.0,0.0,1.0,0.0,0.0,1.0,0.0,0.0,0.0,100.0,0.0,0.0,1.0,0.0,0.0,0.0,0.0,0.0,0.0,0.0,0.0,0.0,0.0,0.0,0.0,0.0,0.0,0.0,1.0
Pennsylvania_Merged_Results_Pcredits1_REC120_Electricity,Pennsylvania,1445.7161764705884,136,0.0,124.0,11.0,1.0,0.0,0.0,0.0,91.17647058823529,8.088235294117647,0.7352941176470588,0.0,0.0,0.0,0.0,1.0,1.0,0.0,0.0,2.0,0.0,0.0,9.090909090909092,100.0,0.0,0.0,1.0,0.0,0.0,0.0,0.0,0.0,0.0,0.0,0.0,0.0,0.0,0.0,0.0,0.0,0.0,120.0,1.0
Pennsylvania_Merged_Results_Pcredits1_REC30_Electricity,Pennsylvania,1445.7161764705884,136,0.0,124.0,11.0,1.0,0.0,0.0,0.0,91.17647058823529,8.088235294117647,0.7352941176470588,0.0,0.0,0.0,0.0,0.0,0.0,0.0,0.0,0.0,0.0,0.0,0.0,0.0,0.0,0.0,0.0,0.0,0.0,0.0,0.0,0.0,0.0,0.0,0.0,0.0,0.0,0.0,0.0,0.0,0.0,30.0,1.0
Pennsylvania_Merged_Results_Pcredits1_REC60_Electricity,Pennsylvania,1445.7161764705884,136,0.0,124.0,11.0,1.0,0.0,0.0,0.0,91.17647058823529,8.088235294117647,0.7352941176470588,0.0,0.0,0.0,0.0,0.0,1.0,0.0,0.0,1.0,0.0,0.0,0.0,100.0,0.0,0.0,1.0,0.0,0.0,0.0,0.0,0.0,0.0,0.0,0.0,0.0,0.0,0.0,0.0,0.0,0.0,60.0,1.0
Pennsylvania_Merged_Results_Pcredits1_REC75_Electricity,Pennsylvania,1445.7161764705884,136,0.0,124.0,11.0,1.0,0.0,0.0,0.0,91.17647058823529,8.088235294117647,0.7352941176470588,0.0,0.0,0.0,0.0,0.0,1.0,0.0,0.0,1.0,0.0,0.0,0.0,100.0,0.0,0.0,1.0,0.0,0.0,0.0,0.0,0.0,0.0,0.0,0.0,0.0,0.0,0.0,0.0,0.0,0.0,75.0,1.0
Pennsylvania_Merged_Results_Pcredits1_REC90_Electricity,Pennsylvania,1445.7161764705884,136,0.0,124.0,11.0,1.0,0.0,0.0,0.0,91.17647058823529,8.088235294117647,0.7352941176470588,0.0,0.0,0.0,0.0,0.0,1.0,0.0,0.0,1.0,0.0,0.0,0.0,100.0,0.0,0.0,1.0,0.0,0.0,0.0,0.0,0.0,0.0,0.0,0.0,0.0,0.0,0.0,0.0,0.0,0.0,90.0,1.0
Pennsylvania_Merged_Results_Pcredits22_REC0_None,Pennsylvania,1445.7161764705884,136,0.0,129.0,6.0,1.0,0.0,0.0,0.0,94.85294117647058,4.411764705882354,0.7352941176470588,0.0,0.0,0.0,110.0,6.0,1.0,0.0,0.0,117.0,0.0,85.27131782945736,100.0,100.0,0.0,0.0,86.0,0.0,2.0,4.0,1.0,0.0,0.0,7.0,0.0,1.5503875968992251,66.66666666666666,100.0,0.0,0.0,5.0,0.0,22.0
Pennsylvania_Merged_Results_Pcredits0_REC0_None,Pennsylvania,1445.7161764705884,136,0.0,129.0,6.0,1.0,0.0,0.0,0.0,94.85294117647058,4.411764705882354,0.7352941176470588,0.0,0.0,0.0,0.0,0.0,1.0,0.0,0.0,1.0,0.0,0.0,0.0,100.0,0.0,0.0,1.0,0.0,0.0,0.0,0.0,0.0,0.0,0.0,0.0,0.0,0.0,0.0,0.0,0.0,0.0,0.0,0.0
Pennsylvania_Merged_Results_Pcredits0_REC120_Electricity,Pennsylvania,1445.7161764705884,136,0.0,124.0,11.0,1.0,0.0,0.0,0.0,91.17647058823529,8.088235294117647,0.7352941176470588,0.0,0.0,0.0,0.0,0.0,1.0,0.0,0.0,1.0,0.0,0.0,0.0,100.0,0.0,0.0,1.0,0.0,0.0,0.0,0.0,0.0,0.0,0.0,0.0,0.0,0.0,0.0,0.0,0.0,0.0,120.0,0.0
Pennsylvania_Merged_Results_Pcredits0_REC30_Electricity,Pennsylvania,1445.7161764705884,136,0.0,124.0,11.0,1.0,0.0,0.0,0.0,91.17647058823529,8.088235294117647,0.7352941176470588,0.0,0.0,0.0,0.0,0.0,0.0,0.0,0.0,0.0,0.0,0.0,0.0,0.0,0.0,0.0,0.0,0.0,0.0,0.0,0.0,0.0,0.0,0.0,0.0,0.0,0.0,0.0,0.0,0.0,0.0,30.0,0.0
Pennsylvania_Merged_Results_Pcredits0_REC60_Electricity,Pennsylvania,1445.7161764705884,136,0.0,124.0,11.0,1.0,0.0,0.0,0.0,91.17647058823529,8.088235294117647,0.7352941176470588,0.0,0.0,0.0,0.0,0.0,1.0,0.0,0.0,1.0,0.0,0.0,0.0,100.0,0.0,0.0,1.0,0.0,0.0,0.0,0.0,0.0,0.0,0.0,0.0,0.0,0.0,0.0,0.0,0.0,0.0,60.0,0.0
Pennsylvania_Merged_Results_Pcredits22_REC120_Electricity,Pennsylvania,1445.7161764705884,136,0.0,124.0,11.0,1.0,0.0,0.0,0.0,91.17647058823529,8.088235294117647,0.7352941176470588,0.0,0.0,0.0,76.0,11.0,1.0,0.0,0.0,88.0,0.0,61.29032258064516,100.0,100.0,0.0,0.0,65.0,0.0,0.0,0.0,0.0,0.0,0.0,0.0,0.0,0.0,0.0,0.0,0.0,0.0,0.0,120.0,22.0
Pennsylvania_Merged_Results_Pcredits22_REC30_Electricity,Pennsylvania,1445.7161764705884,136,0.0,124.0,11.0,1.0,0.0,0.0,0.0,91.17647058823529,8.088235294117647,0.7352941176470588,0.0,0.0,0.0,67.0,11.0,1.0,0.0,0.0,79.0,0.0,54.032258064516135,100.0,100.0,0.0,0.0,58.0,0.0,0.0,0.0,0.0,0.0,0.0,0.0,0.0,0.0,0.0,0.0,0.0,0.0,0.0,30.0,22.0
Pennsylvania_Merged_Results_Pcredits22_REC60_Electricity,Pennsylvania,1445.7161764705884,136,0.0,124.0,11.0,1.0,0.0,0.0,0.0,91.17647058823529,8.088235294117647,0.7352941176470588,0.0,0.0,0.0,72.0,11.0,1.0,0.0,0.0,84.0,0.0,58.064516129032256,100.0,100.0,0.0,0.0,62.0,0.0,0.0,0.0,0.0,0.0,0.0,0.0,0.0,0.0,0.0,0.0,0.0,0.0,0.0,60.0,22.0
Pennsylvania_Merged_Results_Pcredits22_REC75_Electricity,Pennsylvania,1445.7161764705884,136,0.0,124.0,11.0,1.0,0.0,0.0,0.0,91.17647058823529,8.088235294117647,0.7352941176470588,0.0,0.0,0.0,73.0,11.0,1.0,0.0,0.0,85.0,0.0,58.870967741935495,100.0,100.0,0.0,0.0,62.0,0.0,0.0,0.0,0.0,0.0,0.0,0.0,0.0,0.0,0.0,0.0,0.0,0.0,0.0,75.0,22.0
Pennsylvania_Merged_Results_Pcredits22_REC90_Electricity,Pennsylvania,1445.7161764705884,136,0.0,124.0,11.0,1.0,0.0,0.0,0.0,91.17647058823529,8.088235294117647,0.7352941176470588,0.0,0.0,0.0,73.0,11.0,1.0,0.0,0.0,85.0,0.0,58.870967741935495,100.0,100.0,0.0,0.0,62.0,0.0,0.0,0.0,0.0,0.0,0.0,0.0,0.0,0.0,0.0,0.0,0.0,0.0,0.0,90.0,22.0
Pennsylvania_Merged_Results_Pcredits3_REC0_None,Pennsylvania,1445.7161764705884,136,0.0,129.0,6.0,1.0,0.0,0.0,0.0,94.85294117647058,4.411764705882354,0.7352941176470588,0.0,0.0,0.0,0.0,4.0,1.0,0.0,0.0,5.0,0.0,0.0,66.66666666666666,100.0,0.0,0.0,4.0,0.0,0.0,0.0,0.0,0.0,0.0,0.0,0.0,0.0,0.0,0.0,0.0,0.0,0.0,0.0,3.0
Pennsylvania_Merged_Results_Pcredits3_REC120_Electricity,Pennsylvania,1445.7161764705884,136,0.0,124.0,11.0,1.0,0.0,0.0,0.0,91.17647058823529,8.088235294117647,0.7352941176470588,0.0,0.0,0.0,0.0,6.0,1.0,0.0,0.0,7.0,0.0,0.0,54.54545454545454,100.0,0.0,0.0,5.0,0.0,0.0,0.0,0.0,0.0,0.0,0.0,0.0,0.0,0.0,0.0,0.0,0.0,0.0,120.0,3.0
Pennsylvania_Merged_Results_Pcredits3_REC30_Electricity,Pennsylvania,1445.7161764705884,136,0.0,124.0,11.0,1.0,0.0,0.0,0.0,91.17647058823529,8.088235294117647,0.7352941176470588,0.0,0.0,0.0,0.0,0.0,1.0,0.0,0.0,1.0,0.0,0.0,0.0,100.0,0.0,0.0,1.0,0.0,0.0,0.0,0.0,0.0,0.0,0.0,0.0,0.0,0.0,0.0,0.0,0.0,0.0,30.0,3.0
Pennsylvania_Merged_Results_Pcredits3_REC60_Electricity,Pennsylvania,1445.7161764705884,136,0.0,124.0,11.0,1.0,0.0,0.0,0.0,91.17647058823529,8.088235294117647,0.7352941176470588,0.0,0.0,0.0,0.0,0.0,1.0,0.0,0.0,1.0,0.0,0.0,0.0,100.0,0.0,0.0,1.0,0.0,0.0,0.0,0.0,0.0,0.0,0.0,0.0,0.0,0.0,0.0,0.0,0.0,0.0,60.0,3.0
Pennsylvania_Merged_Results_Pcredits3_REC75_Electricity,Pennsylvania,1445.7161764705884,136,0.0,124.0,11.0,1.0,0.0,0.0,0.0,91.17647058823529,8.088235294117647,0.7352941176470588,0.0,0.0,0.0,0.0,1.0,1.0,0.0,0.0,2.0,0.0,0.0,9.090909090909092,100.0,0.0,0.0,1.0,0.0,0.0,0.0,0.0,0.0,0.0,0.0,0.0,0.0,0.0,0.0,0.0,0.0,0.0,75.0,3.0
Pennsylvania_Merged_Results_Pcredits3_REC90_Electricity,Pennsylvania,1445.7161764705884,136,0.0,124.0,11.0,1.0,0.0,0.0,0.0,91.17647058823529,8.088235294117647,0.7352941176470588,0.0,0.0,0.0,0.0,1.0,1.0,0.0,0.0,2.0,0.0,0.0,9.090909090909092,100.0,0.0,0.0,1.0,0.0,0.0,0.0,0.0,0.0,0.0,0.0,0.0,0.0,0.0,0.0,0.0,0.0,0.0,90.0,3.0
Pennsylvania_Merged_Results_Pcredits5_REC0_None,Pennsylvania,1445.7161764705884,136,0.0,129.0,6.0,1.0,0.0,0.0,0.0,94.85294117647058,4.411764705882354,0.7352941176470588,0.0,0.0,0.0,0.0,6.0,1.0,0.0,0.0,7.0,0.0,0.0,100.0,100.0,0.0,0.0,5.0,0.0,0.0,0.0,0.0,0.0,0.0,0.0,0.0,0.0,0.0,0.0,0.0,0.0,0.0,0.0,5.0
Pennsylvania_Merged_Results_Pcredits5_REC120_Electricity,Pennsylvania,1445.7161764705884,136,0.0,124.0,11.0,1.0,0.0,0.0,0.0,91.17647058823529,8.088235294117647,0.7352941176470588,0.0,0.0,0.0,0.0,10.0,1.0,0.0,0.0,11.0,0.0,0.0,90.9090909090909,100.0,0.0,0.0,8.0,0.0,0.0,0.0,0.0,0.0,0.0,0.0,0.0,0.0,0.0,0.0,0.0,0.0,0.0,120.0,5.0
Pennsylvania_Merged_Results_Pcredits5_REC30_Electricity,Pennsylvania,1445.7161764705884,136,0.0,124.0,11.0,1.0,0.0,0.0,0.0,91.17647058823529,8.088235294117647,0.7352941176470588,0.0,0.0,0.0,0.0,1.0,1.0,0.0,0.0,2.0,0.0,0.0,9.090909090909092,100.0,0.0,0.0,1.0,0.0,0.0,0.0,0.0,0.0,0.0,0.0,0.0,0.0,0.0,0.0,0.0,0.0,0.0,30.0,5.0
Pennsylvania_Merged_Results_Pcredits5_REC60_Electricity,Pennsylvania,1445.7161764705884,136,0.0,124.0,11.0,1.0,0.0,0.0,0.0,91.17647058823529,8.088235294117647,0.7352941176470588,0.0,0.0,0.0,0.0,6.0,1.0,0.0,0.0,7.0,0.0,0.0,54.54545454545454,100.0,0.0,0.0,5.0,0.0,0.0,0.0,0.0,0.0,0.0,0.0,0.0,0.0,0.0,0.0,0.0,0.0,0.0,60.0,5.0
Pennsylvania_Merged_Results_Pcredits5_REC75_Electricity,Pennsylvania,1445.7161764705884,136,0.0,124.0,11.0,1.0,0.0,0.0,0.0,91.17647058823529,8.088235294117647,0.7352941176470588,0.0,0.0,0.0,0.0,6.0,1.0,0.0,0.0,7.0,0.0,0.0,54.54545454545454,100.0,0.0,0.0,5.0,0.0,0.0,0.0,0.0,0.0,0.0,0.0,0.0,0.0,0.0,0.0,0.0,0.0,0.0,75.0,5.0
Pennsylvania_Merged_Results_Pcredits5_REC90_Electricity,Pennsylvania,1445.7161764705884,136,0.0,124.0,11.0,1.0,0.0,0.0,0.0,91.17647058823529,8.088235294117647,0.7352941176470588,0.0,0.0,0.0,0.0,6.0,1.0,0.0,0.0,7.0,0.0,0.0,54.54545454545454,100.0,0.0,0.0,5.0,0.0,0.0,0.0,0.0,0.0,0.0,0.0,0.0,0.0,0.0,0.0,0.0,0.0,0.0,90.0,5.0
Wisconsin_Merged_Results_Pcredits0_REC0_None,Wisconsin,2619.771126760563,284,0.0,264.0,6.0,14.0,0.0,0.0,0.0,92.95774647887323,2.112676056338028,4.929577464788731,0.0,0.0,0.0,0.0,0.0,13.0,0.0,0.0,13.0,0.0,0.0,0.0,92.85714285714286,0.0,0.0,5.0,0.0,0.0,0.0,0.0,0.0,0.0,0.0,0.0,0.0,0.0,0.0,0.0,0.0,0.0,0.0,0.0
Wisconsin_Merged_Results_Pcredits0_REC120_Electricity,Wisconsin,2619.771126760563,284,0.0,243.0,26.0,15.0,0.0,0.0,0.0,85.56338028169014,9.15492957746479,5.28169014084507,0.0,0.0,0.0,0.0,0.0,15.0,0.0,0.0,15.0,0.0,0.0,0.0,100.0,0.0,0.0,5.0,0.0,0.0,0.0,0.0,0.0,0.0,0.0,0.0,0.0,0.0,0.0,0.0,0.0,0.0,120.0,0.0
Wisconsin_Merged_Results_Pcredits0_REC30_Electricity,Wisconsin,2619.771126760563,284,0.0,243.0,24.0,17.0,0.0,0.0,0.0,85.56338028169014,8.450704225352112,5.985915492957746,0.0,0.0,0.0,0.0,0.0,0.0,0.0,0.0,0.0,0.0,0.0,0.0,0.0,0.0,0.0,0.0,0.0,0.0,0.0,0.0,0.0,0.0,0.0,0.0,0.0,0.0,0.0,0.0,0.0,0.0,30.0,0.0
Wisconsin_Merged_Results_Pcredits0_REC60_Electricity,Wisconsin,2619.771126760563,284,0.0,243.0,27.0,14.0,0.0,0.0,0.0,85.56338028169014,9.507042253521126,4.929577464788731,0.0,0.0,0.0,0.0,0.0,3.0,0.0,0.0,3.0,0.0,0.0,0.0,21.428571428571427,0.0,0.0,1.0,0.0,0.0,0.0,0.0,0.0,0.0,0.0,0.0,0.0,0.0,0.0,0.0,0.0,0.0,60.0,0.0
Wisconsin_Merged_Results_Pcredits0_REC75_Electricity,Wisconsin,2619.771126760563,284,0.0,243.0,28.0,13.0,0.0,0.0,0.0,85.56338028169014,9.859154929577462,4.577464788732395,0.0,0.0,0.0,0.0,0.0,10.0,0.0,0.0,10.0,0.0,0.0,0.0,76.92307692307693,0.0,0.0,4.0,0.0,0.0,0.0,0.0,0.0,0.0,0.0,0.0,0.0,0.0,0.0,0.0,0.0,0.0,75.0,0.0
Wisconsin_Merged_Results_Pcredits0_REC90_Electricity,Wisconsin,2619.771126760563,284,0.0,242.0,28.0,14.0,0.0,0.0,0.0,85.2112676056338,9.859154929577462,4.929577464788731,0.0,0.0,0.0,0.0,0.0,12.0,0.0,0.0,12.0,0.0,0.0,0.0,85.71428571428571,0.0,0.0,4.0,0.0,0.0,0.0,0.0,0.0,0.0,0.0,0.0,0.0,0.0,0.0,0.0,0.0,0.0,90.0,0.0
Wisconsin_Merged_Results_Pcredits11_REC0_None,Wisconsin,2619.771126760563,284,0.0,263.0,6.0,15.0,0.0,0.0,0.0,92.60563380281691,2.112676056338028,5.28169014084507,0.0,0.0,0.0,227.0,6.0,15.0,0.0,0.0,248.0,0.0,86.31178707224335,100.0,100.0,0.0,0.0,87.0,0.0,0.0,1.0,3.0,0.0,0.0,4.0,0.0,0.0,16.666666666666664,20.0,0.0,0.0,1.0,0.0,11.0
Wisconsin_Merged_Results_Pcredits11_REC120_Electricity,Wisconsin,2619.771126760563,284,0.0,243.0,25.0,16.0,0.0,0.0,0.0,85.56338028169014,8.80281690140845,5.63380281690141,0.0,0.0,0.0,60.0,25.0,16.0,0.0,0.0,101.0,0.0,24.691358024691358,100.0,100.0,0.0,0.0,36.0,0.0,0.0,0.0,0.0,0.0,0.0,0.0,0.0,0.0,0.0,0.0,0.0,0.0,0.0,120.0,11.0
Wisconsin_Merged_Results_Pcredits11_REC30_Electricity,Wisconsin,2619.771126760563,284,0.0,243.0,26.0,15.0,0.0,0.0,0.0,85.56338028169014,9.15492957746479,5.28169014084507,0.0,0.0,0.0,0.0,26.0,15.0,0.0,0.0,41.0,0.0,0.0,100.0,100.0,0.0,0.0,14.0,0.0,0.0,0.0,0.0,0.0,0.0,0.0,0.0,0.0,0.0,0.0,0.0,0.0,0.0,30.0,11.0
Wisconsin_Merged_Results_Pcredits11_REC60_Electricity,Wisconsin,2619.771126760563,284,0.0,243.0,27.0,14.0,0.0,0.0,0.0,85.56338028169014,9.507042253521126,4.929577464788731,0.0,0.0,0.0,0.0,27.0,14.0,0.0,0.0,41.0,0.0,0.0,100.0,100.0,0.0,0.0,14.0,0.0,0.0,0.0,0.0,0.0,0.0,0.0,0.0,0.0,0.0,0.0,0.0,0.0,0.0,60.0,11.0
Wisconsin_Merged_Results_Pcredits11_REC75_Electricity,Wisconsin,2619.771126760563,284,0.0,243.0,26.0,15.0,0.0,0.0,0.0,85.56338028169014,9.15492957746479,5.28169014084507,0.0,0.0,0.0,0.0,26.0,15.0,0.0,0.0,41.0,0.0,0.0,100.0,100.0,0.0,0.0,14.0,0.0,0.0,0.0,0.0,0.0,0.0,0.0,0.0,0.0,0.0,0.0,0.0,0.0,0.0,75.0,11.0
Wisconsin_Merged_Results_Pcredits11_REC90_Electricity,Wisconsin,2619.771126760563,284,0.0,244.0,27.0,13.0,0.0,0.0,0.0,85.91549295774648,9.507042253521126,4.577464788732395,0.0,0.0,0.0,14.0,27.0,13.0,0.0,0.0,54.0,0.0,5.737704918032787,100.0,100.0,0.0,0.0,19.0,0.0,0.0,0.0,0.0,0.0,0.0,0.0,0.0,0.0,0.0,0.0,0.0,0.0,0.0,90.0,11.0
Wisconsin_Merged_Results_Pcredits1_REC0_None,Wisconsin,2619.771126760563,284,0.0,264.0,6.0,14.0,0.0,0.0,0.0,92.95774647887323,2.112676056338028,4.929577464788731,0.0,0.0,0.0,0.0,0.0,14.0,0.0,0.0,14.0,0.0,0.0,0.0,100.0,0.0,0.0,5.0,0.0,0.0,0.0,0.0,0.0,0.0,0.0,0.0,0.0,0.0,0.0,0.0,0.0,0.0,0.0,1.0
Wisconsin_Merged_Results_Pcredits1_REC120_Electricity,Wisconsin,2619.771126760563,284,0.0,243.0,29.0,12.0,0.0,0.0,0.0,85.56338028169014,10.211267605633806,4.225352112676056,0.0,0.0,0.0,0.0,1.0,12.0,0.0,0.0,13.0,0.0,0.0,3.4482758620689653,100.0,0.0,0.0,5.0,0.0,0.0,0.0,0.0,0.0,0.0,0.0,0.0,0.0,0.0,0.0,0.0,0.0,0.0,120.0,1.0
Wisconsin_Merged_Results_Pcredits1_REC60_Electricity,Wisconsin,2619.771126760563,284,0.0,243.0,27.0,14.0,0.0,0.0,0.0,85.56338028169014,9.507042253521126,4.929577464788731,0.0,0.0,0.0,0.0,0.0,10.0,0.0,0.0,10.0,0.0,0.0,0.0,71.42857142857143,0.0,0.0,4.0,0.0,0.0,0.0,0.0,0.0,0.0,0.0,0.0,0.0,0.0,0.0,0.0,0.0,0.0,60.0,1.0
Wisconsin_Merged_Results_Pcredits1_REC75_Electricity,Wisconsin,2619.771126760563,284,0.0,243.0,26.0,15.0,0.0,0.0,0.0,85.56338028169014,9.15492957746479,5.28169014084507,0.0,0.0,0.0,0.0,0.0,13.0,0.0,0.0,13.0,0.0,0.0,0.0,86.66666666666669,0.0,0.0,5.0,0.0,0.0,0.0,0.0,0.0,0.0,0.0,0.0,0.0,0.0,0.0,0.0,0.0,0.0,75.0,1.0
Wisconsin_Merged_Results_Pcredits1_REC90_Electricity,Wisconsin,2619.771126760563,284,0.0,243.0,26.0,15.0,0.0,0.0,0.0,85.56338028169014,9.15492957746479,5.28169014084507,0.0,0.0,0.0,0.0,0.0,15.0,0.0,0.0,15.0,0.0,0.0,0.0,100.0,0.0,0.0,5.0,0.0,0.0,0.0,0.0,0.0,0.0,0.0,0.0,0.0,0.0,0.0,0.0,0.0,0.0,90.0,1.0
Wisconsin_Merged_Results_Pcredits22_REC0_None,Wisconsin,2619.771126760563,284,0.0,264.0,6.0,14.0,0.0,0.0,0.0,92.95774647887323,2.112676056338028,4.929577464788731,0.0,0.0,0.0,263.0,6.0,14.0,0.0,0.0,283.0,0.0,99.62121212121212,100.0,100.0,0.0,0.0,100.0,0.0,0.0,6.0,14.0,0.0,0.0,20.0,0.0,0.0,100.0,100.0,0.0,0.0,7.0,0.0,22.0
Wisconsin_Merged_Results_Pcredits22_REC120_Electricity,Wisconsin,2619.771126760563,284,0.0,243.0,26.0,15.0,0.0,0.0,0.0,85.56338028169014,9.15492957746479,5.28169014084507,0.0,0.0,0.0,239.0,26.0,15.0,0.0,0.0,280.0,0.0,98.35390946502058,100.0,100.0,0.0,0.0,99.0,0.0,0.0,0.0,0.0,0.0,0.0,0.0,0.0,0.0,0.0,0.0,0.0,0.0,0.0,120.0,22.0
Wisconsin_Merged_Results_Pcredits22_REC30_Electricity,Wisconsin,2619.771126760563,284,0.0,243.0,24.0,17.0,0.0,0.0,0.0,85.56338028169014,8.450704225352112,5.985915492957746,0.0,0.0,0.0,233.0,24.0,17.0,0.0,0.0,274.0,0.0,95.88477366255144,100.0,100.0,0.0,0.0,96.0,0.0,0.0,0.0,0.0,0.0,0.0,0.0,0.0,0.0,0.0,0.0,0.0,0.0,0.0,30.0,22.0
Wisconsin_Merged_Results_Pcredits22_REC60_Electricity,Wisconsin,2619.771126760563,284,0.0,243.0,26.0,15.0,0.0,0.0,0.0,85.56338028169014,9.15492957746479,5.28169014084507,0.0,0.0,0.0,235.0,26.0,15.0,0.0,0.0,276.0,0.0,96.70781893004116,100.0,100.0,0.0,0.0,97.0,0.0,0.0,0.0,0.0,0.0,0.0,0.0,0.0,0.0,0.0,0.0,0.0,0.0,0.0,60.0,22.0
Wisconsin_Merged_Results_Pcredits22_REC75_Electricity,Wisconsin,2619.771126760563,284,0.0,242.0,29.0,13.0,0.0,0.0,0.0,85.2112676056338,10.211267605633806,4.577464788732395,0.0,0.0,0.0,235.0,29.0,13.0,0.0,0.0,277.0,0.0,97.10743801652893,100.0,100.0,0.0,0.0,98.0,0.0,0.0,0.0,0.0,0.0,0.0,0.0,0.0,0.0,0.0,0.0,0.0,0.0,0.0,75.0,22.0
Wisconsin_Merged_Results_Pcredits22_REC90_Electricity,Wisconsin,2619.771126760563,284,0.0,242.0,29.0,13.0,0.0,0.0,0.0,85.2112676056338,10.211267605633806,4.577464788732395,0.0,0.0,0.0,236.0,29.0,13.0,0.0,0.0,278.0,0.0,97.5206611570248,100.0,100.0,0.0,0.0,98.0,0.0,0.0,0.0,0.0,0.0,0.0,0.0,0.0,0.0,0.0,0.0,0.0,0.0,0.0,90.0,22.0
Wisconsin_Merged_Results_Pcredits3_REC0_None,Wisconsin,2619.771126760563,284,0.0,263.0,6.0,15.0,0.0,0.0,0.0,92.60563380281691,2.112676056338028,5.28169014084507,0.0,0.0,0.0,0.0,4.0,15.0,0.0,0.0,19.0,0.0,0.0,66.66666666666666,100.0,0.0,0.0,7.0,0.0,0.0,0.0,0.0,0.0,0.0,0.0,0.0,0.0,0.0,0.0,0.0,0.0,0.0,0.0,3.0
Wisconsin_Merged_Results_Pcredits1_REC30_Electricity,Wisconsin,2619.771126760563,284,0.0,243.0,23.0,18.0,0.0,0.0,0.0,85.56338028169014,8.098591549295776,6.338028169014084,0.0,0.0,0.0,0.0,0.0,0.0,0.0,0.0,0.0,0.0,0.0,0.0,0.0,0.0,0.0,0.0,0.0,0.0,0.0,0.0,0.0,0.0,0.0,0.0,0.0,0.0,0.0,0.0,0.0,0.0,30.0,1.0
Wisconsin_Merged_Results_Pcredits3_REC120_Electricity,Wisconsin,2619.771126760563,284,0.0,243.0,24.0,17.0,0.0,0.0,0.0,85.56338028169014,8.450704225352112,5.985915492957746,0.0,0.0,0.0,0.0,21.0,17.0,0.0,0.0,38.0,0.0,0.0,87.5,100.0,0.0,0.0,13.0,0.0,0.0,0.0,0.0,0.0,0.0,0.0,0.0,0.0,0.0,0.0,0.0,0.0,0.0,120.0,3.0
Wisconsin_Merged_Results_Pcredits3_REC30_Electricity,Wisconsin,2619.771126760563,284,0.0,243.0,26.0,15.0,0.0,0.0,0.0,85.56338028169014,9.15492957746479,5.28169014084507,0.0,0.0,0.0,0.0,0.0,12.0,0.0,0.0,12.0,0.0,0.0,0.0,80.0,0.0,0.0,4.0,0.0,0.0,0.0,0.0,0.0,0.0,0.0,0.0,0.0,0.0,0.0,0.0,0.0,0.0,30.0,3.0
Wisconsin_Merged_Results_Pcredits3_REC60_Electricity,Wisconsin,2619.771126760563,284,0.0,243.0,27.0,14.0,0.0,0.0,0.0,85.56338028169014,9.507042253521126,4.929577464788731,0.0,0.0,0.0,0.0,0.0,14.0,0.0,0.0,14.0,0.0,0.0,0.0,100.0,0.0,0.0,5.0,0.0,0.0,0.0,0.0,0.0,0.0,0.0,0.0,0.0,0.0,0.0,0.0,0.0,0.0,60.0,3.0
Wisconsin_Merged_Results_Pcredits3_REC75_Electricity,Wisconsin,2619.771126760563,284,0.0,243.0,27.0,14.0,0.0,0.0,0.0,85.56338028169014,9.507042253521126,4.929577464788731,0.0,0.0,0.0,0.0,1.0,14.0,0.0,0.0,15.0,0.0,0.0,3.7037037037037033,100.0,0.0,0.0,5.0,0.0,0.0,0.0,0.0,0.0,0.0,0.0,0.0,0.0,0.0,0.0,0.0,0.0,0.0,75.0,3.0
Wisconsin_Merged_Results_Pcredits3_REC90_Electricity,Wisconsin,2619.771126760563,284,0.0,242.0,27.0,15.0,0.0,0.0,0.0,85.2112676056338,9.507042253521126,5.28169014084507,0.0,0.0,0.0,0.0,8.0,15.0,0.0,0.0,23.0,0.0,0.0,29.629629629629626,100.0,0.0,0.0,8.0,0.0,0.0,0.0,0.0,0.0,0.0,0.0,0.0,0.0,0.0,0.0,0.0,0.0,0.0,90.0,3.0
Wisconsin_Merged_Results_Pcredits5_REC0_None,Wisconsin,2619.771126760563,284,0.0,262.0,6.0,16.0,0.0,0.0,0.0,92.25352112676056,2.112676056338028,5.63380281690141,0.0,0.0,0.0,0.0,6.0,16.0,0.0,0.0,22.0,0.0,0.0,100.0,100.0,0.0,0.0,8.0,0.0,0.0,0.0,0.0,0.0,0.0,0.0,0.0,0.0,0.0,0.0,0.0,0.0,0.0,0.0,5.0
Wisconsin_Merged_Results_Pcredits5_REC120_Electricity,Wisconsin,2619.771126760563,284,0.0,242.0,28.0,14.0,0.0,0.0,0.0,85.2112676056338,9.859154929577462,4.929577464788731,0.0,0.0,0.0,0.0,28.0,14.0,0.0,0.0,42.0,0.0,0.0,100.0,100.0,0.0,0.0,15.0,0.0,0.0,0.0,0.0,0.0,0.0,0.0,0.0,0.0,0.0,0.0,0.0,0.0,0.0,120.0,5.0
Wisconsin_Merged_Results_Pcredits5_REC30_Electricity,Wisconsin,2619.771126760563,284,0.0,243.0,28.0,13.0,0.0,0.0,0.0,85.56338028169014,9.859154929577462,4.577464788732395,0.0,0.0,0.0,0.0,1.0,13.0,0.0,0.0,14.0,0.0,0.0,3.571428571428571,100.0,0.0,0.0,5.0,0.0,0.0,0.0,0.0,0.0,0.0,0.0,0.0,0.0,0.0,0.0,0.0,0.0,0.0,30.0,5.0
Wisconsin_Merged_Results_Pcredits5_REC60_Electricity,Wisconsin,2619.771126760563,284,0.0,243.0,26.0,15.0,0.0,0.0,0.0,85.56338028169014,9.15492957746479,5.28169014084507,0.0,0.0,0.0,0.0,21.0,15.0,0.0,0.0,36.0,0.0,0.0,80.76923076923076,100.0,0.0,0.0,13.0,0.0,0.0,0.0,0.0,0.0,0.0,0.0,0.0,0.0,0.0,0.0,0.0,0.0,0.0,60.0,5.0
Wisconsin_Merged_Results_Pcredits5_REC75_Electricity,Wisconsin,2619.771126760563,284,0.0,243.0,26.0,15.0,0.0,0.0,0.0,85.56338028169014,9.15492957746479,5.28169014084507,0.0,0.0,0.0,0.0,23.0,15.0,0.0,0.0,38.0,0.0,0.0,88.46153846153845,100.0,0.0,0.0,13.0,0.0,0.0,0.0,0.0,0.0,0.0,0.0,0.0,0.0,0.0,0.0,0.0,0.0,0.0,75.0,5.0
Wisconsin_Merged_Results_Pcredits5_REC90_Electricity,Wisconsin,2619.771126760563,284,0.0,243.0,25.0,16.0,0.0,0.0,0.0,85.56338028169014,8.80281690140845,5.63380281690141,0.0,0.0,0.0,0.0,24.0,16.0,0.0,0.0,40.0,0.0,0.0,96.0,100.0,0.0,0.0,14.0,0.0,0.0,0.0,0.0,0.0,0.0,0.0,0.0,0.0,0.0,0.0,0.0,0.0,0.0,90.0,5.0
